Format Version,1.24,Take Name,Take 2025-10-06 09.51.07 AM,Take Notes,,Capture Frame Rate,120.000000,Export Frame Rate,120.000000,Capture Start Time,2025-10-06 09.51.07.586 AM,Capture Start Frame,56487,Total Frames in Take,492,Total Exported Frames,492,Rotation Type,Quaternion,Length Units,Millimeters,Coordinate Space,Local

,Type,Marker,Marker,Marker,Marker,Marker,Marker,Marker,Marker,Marker,Marker,Marker,Marker,Marker,Marker,Marker,Marker,Marker,Marker,Marker,Marker,Marker,Marker,Marker,Marker
,Name,Unlabeled 2267,Unlabeled 2267,Unlabeled 2267,Unlabeled 2268,Unlabeled 2268,Unlabeled 2268,Unlabeled 2269,Unlabeled 2269,Unlabeled 2269,Unlabeled 2270,Unlabeled 2270,Unlabeled 2270,Unlabeled 2405,Unlabeled 2405,Unlabeled 2405,Unlabeled 2449,Unlabeled 2449,Unlabeled 2449,Unlabeled 2462,Unlabeled 2462,Unlabeled 2462,Unlabeled 2463,Unlabeled 2463,Unlabeled 2463
,ID,"6A7F5C26D7A29011F0","6A7F5C26D7A29011F0","6A7F5C26D7A29011F0","16857F5C26D7A29011F0","16857F5C26D7A29011F0","16857F5C26D7A29011F0","168F7F5C26D7A29011F0","168F7F5C26D7A29011F0","168F7F5C26D7A29011F0","16927F5C26D7A29011F0","16927F5C26D7A29011F0","16927F5C26D7A29011F0","17257F5C26D7A29011F0","17257F5C26D7A29011F0","17257F5C26D7A29011F0","17517F5C26D7A29011F0","17517F5C26D7A29011F0","17517F5C26D7A29011F0","175E7F5C26D7A29011F0","175E7F5C26D7A29011F0","175E7F5C26D7A29011F0","175F7F5C26D7A29011F0","175F7F5C26D7A29011F0","175F7F5C26D7A29011F0"
,,Position,Position,Position,Position,Position,Position,Position,Position,Position,Position,Position,Position,Position,Position,Position,Position,Position,Position,Position,Position,Position,Position,Position,Position
Frame,Time (Seconds),X,Y,Z,X,Y,Z,X,Y,Z,X,Y,Z,X,Y,Z,X,Y,Z,X,Y,Z,X,Y,Z
0,0.000000,960.724060,-73.450974,5791.418457,-2260.138428,1027.351318,-5460.269043,-465.574585,1055.980957,-5267.336426,-2259.356934,1020.762329,-5461.726562,,,,,,,,,,,,
1,0.008333,960.562378,-73.658363,5791.222168,-2257.822998,1026.557861,-5459.425781,-465.295044,1056.116211,-5267.059570,-2257.132324,1020.036804,-5460.962891,,,,,,,,,,,,
2,0.016667,960.552063,-73.669563,5791.069824,-2254.961426,1025.374390,-5458.419434,-465.070465,1056.374756,-5266.697266,-2254.272949,1018.963562,-5459.889160,,,,,,,,,,,,
3,0.025000,960.540894,-73.674713,5791.012207,-2252.614258,1024.786011,-5456.929199,-465.580017,1057.034180,-5266.086914,-2251.490479,1017.624512,-5458.445312,,,,,,,,,,,,
4,0.033333,960.752380,-73.439774,5791.479004,-2249.333008,1023.401123,-5455.569824,-465.938232,1057.554199,-5265.635254,-2248.680908,1016.979675,-5456.867188,,,,,,,,,,,,
5,0.041667,960.773804,-73.421013,5791.515625,-2246.962646,1023.109192,-5453.480469,-465.771729,1057.867676,-5265.444824,-2246.245605,1016.529175,-5455.287598,,,,,,,,,,,,
6,0.050000,960.703430,-73.480316,5791.365234,-2244.115723,1022.500061,-5451.280762,-465.452026,1058.278564,-5265.268555,-2243.500488,1015.588623,-5452.860840,,,,,,,,,,,,
7,0.058333,960.751709,-73.436806,5791.503418,-2240.842529,1021.536560,-5448.776367,-465.495636,1058.699341,-5265.090332,-2240.574707,1015.250183,-5450.369629,,,,,,,,,,,,
8,0.066667,960.504517,-73.664520,5791.491211,-2238.292725,1021.668457,-5445.700195,-465.466156,1059.037354,-5265.034180,-2237.237305,1014.428833,-5447.124023,,,,,,,,,,,,
9,0.075000,960.770203,-73.399567,5791.491699,-2235.100098,1021.627563,-5442.228027,-465.464813,1059.326294,-5264.947754,-2234.058594,1014.650085,-5443.889160,,,,,,,,,,,,
10,0.083333,960.702454,-73.432663,5791.351562,-2231.552979,1021.427979,-5438.292969,-465.405121,1059.693970,-5264.902832,-2231.070068,1015.049438,-5439.953125,,,,,,,,,,,,
11,0.091667,960.757874,-73.421364,5791.485352,-2228.049805,1022.429688,-5434.443848,-465.386993,1060.098389,-5264.875977,-2227.893311,1015.771973,-5435.368164,,,,,,,,,,,,
12,0.100000,960.728760,-73.470207,5791.351562,-2224.950195,1022.886902,-5429.865234,-465.399323,1060.688110,-5264.878906,-2224.117920,1016.160950,-5430.152344,,,,,,,,,,,,
13,0.108333,960.573242,-73.666718,5791.171875,-2220.270020,1021.238831,-5424.640625,-466.291718,1061.641235,-5264.495117,,,,,,,,,,,,,,,
14,0.116667,960.773315,-73.417908,5791.504883,-2216.369629,1019.957642,-5416.194824,-466.250214,1062.184448,-5264.479492,,,,,,,,,,,,,,,
15,0.125000,960.718750,-73.444916,5791.368164,-2212.310791,1022.276611,-5408.636230,-466.126953,1062.597412,-5264.422363,,,,,,,,,,,,,,,
16,0.133333,960.054504,-74.143814,5791.372070,-2208.307861,1024.789551,-5400.207031,-466.064484,1063.025391,-5264.358887,,,,,,,,,,,,,,,
17,0.141667,960.785034,-73.392967,5791.525391,-2203.832031,1027.817017,-5389.857910,-465.782227,1063.427246,-5264.427246,,,,,,,,,,,,,,,
18,0.150000,960.775940,-73.384003,5791.528809,-2199.955078,1032.724976,-5378.724609,-465.654358,1064.054810,-5264.513184,,,,,,,,,,,,,,,
19,0.158333,960.786987,-73.412933,5791.506836,-2196.054932,1038.457886,-5365.393555,-466.474457,1065.401855,-5264.018555,,,,,,,,,,,,,,,
20,0.166667,960.719238,-73.467094,5791.334961,-2191.824707,1044.526733,-5350.398438,-466.241058,1066.029907,-5264.024902,,,,,,,,,,,,,,,
21,0.175000,960.563416,-73.669113,5791.139160,-2187.213135,1051.697632,-5332.385742,-465.381714,1066.219971,-5264.384766,,,,,,,,,,,,,,,
22,0.183333,960.527649,-73.685303,5791.028320,-2182.687500,1059.875244,-5310.645508,-465.128998,1066.754639,-5264.418945,,,,,,,,,,,,,,,
23,0.191667,960.539307,-73.655540,5791.005371,-2177.969482,1069.980591,-5284.483398,-464.899200,1067.512451,-5264.629883,,,,,,,,,,,,,,,
24,0.200000,960.785400,-73.404282,5791.494141,-2173.438721,1082.570068,-5252.448242,-464.548553,1068.196655,-5264.691406,,,,,,,,,,,,,,,
25,0.208333,960.796021,-73.377167,5791.501953,-2171.771729,1100.868774,-5212.216309,-464.344238,1068.736938,-5264.870117,,,,,,,,,,,,,,,
26,0.216667,960.702881,-73.456367,5791.331055,-2163.686523,1116.545532,-5166.104980,-464.485504,1069.678955,-5265.160156,,,,,,,,,,,,,,,
27,0.225000,960.554871,-73.658592,5791.136230,-2151.351807,1129.022583,-5114.421387,-465.014923,1070.650635,-5265.040039,,,,,,,,,,,,,,,
28,0.233333,960.550049,-73.665382,5791.031250,-2139.279297,1142.576172,-5054.334961,-464.693359,1071.307983,-5265.223145,,,,,,,,,,,,,,,
29,0.241667,960.538757,-73.668800,5791.014160,-2128.493652,1154.888184,-4993.680664,-464.038635,1071.446289,-5265.945801,,,,,,,,,,,,,,,
30,0.250000,960.774048,-73.417290,5791.484863,-2117.539307,1166.571411,-4934.322754,-463.980286,1072.135620,-5266.630371,,,,,,,,,,,,,,,
31,0.258333,960.776001,-73.400696,5791.515625,-2106.147217,1177.623413,-4875.244629,-463.995270,1072.710938,-5267.120117,,,,,,,,,,,,,,,
32,0.266667,960.707336,-73.455498,5791.339355,-2094.504395,1188.251953,-4816.962402,-465.153992,1074.059570,-5267.350586,,,,,,,,,,,,,,,
33,0.275000,960.551025,-73.665024,5791.155273,-2083.373779,1197.346069,-4758.883789,-465.339783,1074.913086,-5267.939941,,,,,,,,,,,,,,,
34,0.283333,960.748413,-73.424538,5791.511719,-2073.378662,1206.618530,-4700.446777,-465.577484,1075.668945,-5268.578125,,,,,,,,,,,,,,,
35,0.291667,960.763306,-73.396263,5791.514648,-2063.715332,1215.467896,-4642.815430,-465.700439,1076.534790,-5269.694336,,,,,,,,,,,,,,,
36,0.300000,960.696045,-73.468002,5791.317871,-2053.234863,1223.802002,-4585.215332,-466.455170,1077.695679,-5270.229492,,,,,,,,,,,,,,,
37,0.308333,960.750671,-73.424446,5791.505371,-2042.478027,1231.828247,-4527.869629,-466.747314,1078.633057,-5270.884277,,,,,,,,,,,,,,,
38,0.316667,960.708618,-73.461990,5791.363281,-2032.347656,1240.365967,-4471.243164,-467.441376,1079.755371,-5271.685059,,,,,,,,,,,,,,,
39,0.325000,960.559631,-73.683121,5791.152832,-2022.557739,1248.825684,-4415.245117,-468.059021,1080.946899,-5272.764648,,,,,,,,,,,,,,,
40,0.333333,960.763062,-73.424744,5791.487305,-2012.446655,1256.592896,-4358.732910,-468.356049,1081.895142,-5273.755859,,,,,,,,,,,,,,,
41,0.341667,960.744690,-73.420616,5791.392090,-2002.196533,1264.131348,-4302.893555,-469.824127,1083.812012,-5274.266113,,,,,,,,,,,,,,,
42,0.350000,960.776001,-73.402924,5791.491699,-1991.521118,1271.230591,-4247.199219,-469.928284,1084.708740,-5275.670898,,,,,,,,,,,,,,,
43,0.358333,960.783020,-73.398903,5791.484863,-1980.986084,1278.282227,-4191.968750,-470.673279,1086.064575,-5277.041504,,,,,,,,,,,,,,,
44,0.366667,960.667725,-73.476028,5791.349121,-1970.459473,1284.913696,-4137.204102,-472.043060,1087.714966,-5277.916992,,,,,,,,,,,,,,,
45,0.375000,960.531677,-73.673683,5791.160645,-1959.955688,1291.856445,-4082.778564,-472.503754,1089.114746,-5279.672363,,,,,,,,,,,,,,,
46,0.383333,960.545227,-73.671715,5791.047363,-1949.136597,1298.330200,-4028.414795,-473.767365,1090.417358,-5280.872070,,,,,,,,,,,,,,,
47,0.391667,960.556824,-73.679604,5791.016602,-1938.163818,1304.742554,-3974.853271,-473.718811,1091.718506,-5283.046875,,,,,,,,,,,,,,,
48,0.400000,960.563354,-73.685211,5791.055664,-1927.255737,1311.123657,-3921.070312,-475.253876,1093.323608,-5284.179199,,,,,,,,,,,,,,,
49,0.408333,960.549438,-73.684021,5791.094727,-1916.288208,1317.790161,-3868.113037,-475.394012,1094.323608,-5286.327148,,,,,,,,,,,,,,,
50,0.416667,960.542053,-73.681252,5791.104004,-1905.173096,1324.370972,-3815.522949,-476.890625,1096.162720,-5287.882324,,,,,,,,,,,,,,,
51,0.425000,960.538574,-73.663795,5791.092285,-1893.948242,1330.891357,-3763.023682,-476.871277,1097.050903,-5290.305176,,,,,,,,,,,,,,,
52,0.433333,960.554993,-73.667122,5791.078613,-1882.464844,1337.140381,-3710.635010,-477.686188,1098.492065,-5292.328125,,,,,,,,,,,,,,,
53,0.441667,960.774414,-73.407066,5791.498535,-1870.978394,1343.564575,-3659.234131,-478.608917,1100.168091,-5294.259277,,,,,,,,,,,,,,,
54,0.450000,960.771606,-73.403389,5791.525879,-1859.435669,1349.873291,-3607.906006,-478.696350,1101.182007,-5296.898438,,,,,,,,,,,,,,,
55,0.458333,960.752625,-73.423058,5791.506348,-1847.786377,1356.058105,-3556.675049,-479.449371,1102.864136,-5299.479004,,,,,,,,,,,,,,,
56,0.466667,960.689941,-73.487007,5791.326660,-1835.879272,1362.234253,-3506.035645,-479.434265,1103.823120,-5302.216309,,,,,,,,,,,,,,,
57,0.475000,960.560303,-73.669502,5791.125000,-1824.117310,1368.597046,-3455.905273,-479.715393,1105.177490,-5304.967285,,,,,,,,,,,,,,,
58,0.483333,960.577454,-73.657654,5791.005371,-1811.971436,1374.342407,-3405.677979,-479.735107,1106.352539,-5308.059082,,,,,,,,,,,,,,,
59,0.491667,960.536194,-73.673119,5791.000000,-1799.739502,1380.458618,-3356.085693,-479.432037,1107.234741,-5311.443359,,,,,,,,,,,,,,,
60,0.500000,960.775269,-73.401772,5791.495117,-1787.716431,1386.570312,-3306.924316,-479.053253,1108.281372,-5314.881348,,,,,,,,,,,,,,,
61,0.508333,960.791260,-73.398026,5791.517090,-1775.708252,1392.622559,-3258.250732,-479.143616,1109.740356,-5318.654785,,,,,,,,,,,,,,,
62,0.516667,960.704407,-73.469620,5791.335449,-1763.776733,1398.664185,-3208.012695,-479.360229,1110.921997,-5322.281738,,,,,,,,,,,,,,,
63,0.525000,960.766968,-73.408028,5791.493652,-1751.604248,1404.803833,-3159.532959,-479.206848,1111.986328,-5325.860352,,,,,,,,,,,,,,,
64,0.533333,960.716003,-73.449364,5791.362305,-1738.811157,1410.733521,-3111.372559,-479.162323,1113.397095,-5329.864258,,,,,,,,,,,,,,,
65,0.541667,960.542175,-73.682892,5791.183594,-1726.493286,1416.574219,-3063.723633,-479.010895,1114.562012,-5333.833008,,,,,,,,,,,,,,,
66,0.550000,960.059265,-74.174072,5791.251465,-1714.015991,1422.360229,-3016.266357,-478.535767,1115.844604,-5338.125977,,,,,,,,,,,,,,,
67,0.558333,960.679749,-73.478561,5791.333496,-1701.374634,1427.764404,-2969.278564,-478.454681,1117.059814,-5342.159668,,,,,,,,,,,,,,,
68,0.566667,960.716675,-73.462326,5791.376465,-1688.689941,1433.441895,-2922.584473,-477.999237,1118.405762,-5346.512207,,,,,,,,,,,,,,,
69,0.575000,960.761536,-73.415253,5791.528320,-1675.843506,1438.910767,-2876.133545,-477.960724,1119.678467,-5351.122070,,,,,,,,,,,,,,,
70,0.583333,960.764038,-73.434319,5791.514648,-1663.267456,1444.395142,-2830.057373,-477.783844,1121.012085,-5355.421387,,,,,,,,,,,,,,,
71,0.591667,960.066284,-74.160789,5791.391602,-1650.443970,1449.301636,-2784.026611,-476.912140,1121.972778,-5360.419434,,,,,,,,,,,,,,,
72,0.600000,960.055176,-74.150940,5791.325195,-1637.081421,1454.318359,-2738.491943,-476.795349,1123.437256,-5365.155762,,,,,,,,,,,,,,,
73,0.608333,960.565735,-73.666016,5791.188965,-1624.507202,1459.511475,-2693.243408,-476.753845,1124.721558,-5370.223145,,,,,,,,,,,,,,,
74,0.616667,960.072083,-74.157661,5791.389648,-1611.825317,1465.171875,-2648.658447,-476.860352,1125.855957,-5375.028320,,,,,,,,,,,,,,,
75,0.625000,960.725952,-73.447952,5791.386230,-1598.952881,1470.322144,-2604.011230,-476.192230,1126.648315,-5380.681152,,,,,,,,,,,,,,,
76,0.633333,960.713135,-73.478477,5791.386230,-1585.814697,1474.787354,-2559.542969,-475.778595,1127.649292,-5386.516113,,,,,,,,,,,,,,,
77,0.641667,960.567383,-73.656113,5791.203125,-1572.662720,1478.781616,-2515.141602,-475.907410,1128.495361,-5391.832031,,,,,,,,,,,,,,,
78,0.650000,960.762329,-73.387596,5791.509277,-1558.871826,1483.282104,-2471.309814,-475.300354,1129.124634,-5397.740234,,,,,,,,,,,,,,,
79,0.658333,960.720947,-73.431404,5791.386230,-1546.008057,1487.423584,-2427.593018,-475.410248,1129.968750,-5403.369141,,,,,,,,,,,,,,,
80,0.666667,960.748535,-73.421516,5791.508301,-1532.687256,1491.829224,-2384.375732,-474.921173,1130.259155,-5409.392090,,,,,,,,,,,,,,,
81,0.675000,960.704895,-73.454765,5791.357422,-1519.471558,1495.828125,-2341.247559,-474.411682,1130.636353,-5415.298828,,,,,,,,,,,,,,,
82,0.683333,960.555725,-73.674744,5791.163574,-1505.863770,1499.783325,-2298.448486,-474.478119,1131.204346,-5421.069824,,,,,,,,,,,,,,,
83,0.691667,960.573853,-73.667099,5791.036621,-1493.049683,1503.765259,-2256.131592,-473.856018,1131.414307,-5427.239746,,,,,,,,,,,,,,,
84,0.700000,960.556885,-73.670677,5791.004883,-1479.375000,1507.589722,-2213.624268,-473.268066,1131.527222,-5432.955078,,,,,,,,,,,,,,,
85,0.708333,960.545105,-73.663757,5791.028809,-1466.032227,1511.361938,-2171.818604,-472.706055,1131.669312,-5438.852051,,,,,,,,,,,,,,,
86,0.716667,960.781128,-73.405464,5791.507324,-1452.623047,1514.809937,-2130.052002,-472.727966,1132.035278,-5444.468750,,,,,,,,,,,,,,,
87,0.725000,960.752930,-73.437218,5791.401855,-1439.409912,1518.545532,-2088.635986,-470.977051,1131.777954,-5450.602051,,,,,,,,,,,,,,,
88,0.733333,960.765137,-73.412621,5791.521484,-1425.665283,1522.030518,-2047.232910,-470.523010,1131.808716,-5455.898926,,,,,,,,,,,,,,,
89,0.741667,960.788818,-73.406349,5791.525879,-1412.512207,1525.445801,-2006.249634,-469.988953,1131.918701,-5461.500488,,,,,,,,,,,,,,,
90,0.750000,960.692627,-73.463715,5791.353027,-1398.890503,1528.506226,-1965.386841,-468.678986,1131.665283,-5467.002441,,,,,,,,,,,,,,,
91,0.758333,960.759705,-73.394768,5791.509277,-1385.270508,1531.523071,-1924.906494,-467.119965,1131.265137,-5472.388184,,,,,,,,,,,,,,,
92,0.766667,960.780212,-73.387070,5791.509766,-1371.798218,1534.487915,-1885.014526,-465.929230,1131.005737,-5477.776367,,,,,,,,,,,,,,,
93,0.775000,960.724060,-73.453743,5791.334961,-1358.041138,1537.197510,-1844.621948,-464.575287,1130.719727,-5483.258789,,,,,,,,,,,,,,,
94,0.783333,960.778381,-73.387871,5791.516113,-1344.503784,1540.003174,-1804.837646,-463.166565,1130.159180,-5488.237793,,,,,,,,,,,,,,,
95,0.791667,960.750854,-73.403984,5791.521973,-1330.777100,1542.554443,-1765.295166,-461.620209,1129.603271,-5493.498047,,,,,,,,,,,,,,,
96,0.800000,960.769653,-73.396919,5791.510254,-1316.717041,1544.822388,-1725.653931,-460.745483,1129.179565,-5498.173828,,,,,,,,,,,,,,,
97,0.808333,960.710876,-73.449432,5791.339844,-1302.985352,1546.906128,-1686.155762,-459.248077,1128.338257,-5503.128418,,,,,,,,,,,,,,,
98,0.816667,960.781860,-73.390640,5791.511719,-1289.482300,1549.308716,-1646.986328,-457.482025,1127.219238,-5508.105957,,,,,,,,,,,,,,,
99,0.825000,960.778076,-73.410721,5791.526855,-1275.619995,1551.521729,-1608.668579,-455.868530,1126.188843,-5512.813477,,,,,,,,,,,,,,,
100,0.833333,960.781250,-73.426338,5791.502930,-1261.784180,1553.479980,-1570.282471,-454.500488,1125.112671,-5517.392578,,,,,,,,,,,,,,,
101,0.841667,960.751587,-73.437149,5791.509277,-1248.070068,1555.190552,-1531.766235,-453.023926,1124.014771,-5522.106934,,,,,,,,,,,,,,,
102,0.850000,960.696899,-73.488609,5791.341309,-1234.318970,1556.852051,-1493.292236,-451.802582,1122.823486,-5526.530762,,,,,,,,,,,,,,,
103,0.858333,960.575928,-73.660690,5791.139160,-1221.000732,1558.675049,-1455.833008,-450.282623,1121.213501,-5530.835938,,,,,,,,,,,,,,,
104,0.866667,960.579895,-73.661621,5791.010742,-1206.911011,1560.213379,-1418.511597,-449.327484,1119.865356,-5534.682129,,,,,,,,,,,,,,,
105,0.875000,960.767639,-73.398796,5791.490234,-1192.958496,1561.407471,-1381.037842,-447.916016,1118.276001,-5538.909180,,,,,,,,,,,,,,,
106,0.883333,960.731750,-73.446373,5791.395508,-1178.938110,1562.132935,-1343.545166,-447.186401,1116.222778,-5542.958496,,,,,,,,,,,,,,,
107,0.891667,960.565247,-73.666901,5791.172363,-1164.872192,1562.723877,-1306.252930,-446.162781,1114.489624,-5546.907715,,,,,,,,,,,,,,,
108,0.900000,960.782410,-73.431580,5791.508301,-1150.879639,1563.408203,-1269.356934,-444.752930,1112.663086,-5550.691406,,,,,,,,,,,,,,,
109,0.908333,960.738647,-73.448555,5791.386230,-1137.413330,1564.449097,-1232.614624,-443.834473,1109.973145,-5553.811035,,,,,,,,,,,,,,,
110,0.916667,960.574524,-73.664619,5791.187500,-1123.584717,1565.303101,-1196.657837,-442.817841,1107.966553,-5557.388184,,,,,,,,,,,,,,,
111,0.925000,960.554016,-73.660019,5791.051270,-1109.569092,1565.943970,-1160.210449,-441.216278,1105.670044,-5559.529297,,,,,,,,,,,,,,,
112,0.933333,960.749084,-73.429939,5791.493652,-1095.480835,1566.106201,-1123.877808,-439.923340,1103.732056,-5561.772949,,,,,,,,,,,,,,,
113,0.941667,960.735840,-73.432487,5791.392090,-1083.013062,1566.256714,-1088.709839,-437.514526,1101.300781,-5564.199219,,,,,,,,,,,,,,,
114,0.950000,960.563965,-73.654526,5791.193359,-1068.725830,1566.233643,-1053.039429,-435.965881,1099.035767,-5566.146484,,,,,,,,,,,,,,,
115,0.958333,960.761963,-73.402245,5791.507812,-1053.729004,1565.895508,-1016.836792,-434.156189,1096.830322,-5567.929688,,,,,,,,,,,,,,,
116,0.966667,960.738159,-73.432724,5791.389648,-1040.358276,1565.388062,-981.550903,-433.187469,1094.596802,-5569.151367,,,,,,,,,,,,,,,
117,0.975000,960.546936,-73.669556,5791.192383,-1027.551880,1565.270264,-946.275940,-432.366089,1092.407471,-5570.162109,,,,,,,,,,,,,,,
118,0.983333,960.554749,-73.662315,5791.050781,-1012.992004,1564.573242,-911.367371,-431.388580,1090.220825,-5570.952637,,,,,,,,,,,,,,,
119,0.991667,960.553345,-73.677681,5791.007812,-997.671753,1563.741943,-876.217346,-430.047791,1087.931519,-5571.853516,,,,,,,,,,,,,,,
120,1.000000,960.772461,-73.434158,5791.482910,-984.865845,1562.687012,-841.934448,-430.076752,1085.198242,-5572.048340,,,,,,,,,,,,,,,
121,1.008333,960.780701,-73.426079,5791.513184,-969.878235,1561.257812,-805.570312,-428.628845,1083.559204,-5571.698242,,,,,,,,,,,,,,,
122,1.016667,960.716187,-73.479836,5791.349609,-955.293945,1559.775024,-771.732605,-428.755219,1081.597412,-5571.214844,,,,,,,,,,,,,,,
123,1.025000,960.761475,-73.427307,5791.502441,-941.149231,1558.564087,-737.320496,-429.119171,1079.836548,-5570.566895,,,,,,,,,,,,,,,
124,1.033333,960.706787,-73.458344,5791.352539,-927.348877,1556.955811,-703.427612,-427.863892,1077.094971,-5569.313477,,,,,,,,,,,,,,,
125,1.041667,960.762878,-73.429405,5791.493652,-912.837708,1555.349609,-668.932739,-426.856049,1075.301880,-5567.446289,,,,,,,,,,,,,,,
126,1.050000,960.785034,-73.418427,5791.495117,-898.860046,1553.695557,-635.515442,-426.733459,1073.566772,-5565.477539,,,,,,,,,,,,,,,
127,1.058333,960.692017,-73.481041,5791.321777,-884.102905,1551.290161,-601.772583,-426.728119,1072.273193,-5562.912109,,,,,,,,,,,,,,,
128,1.066667,960.564880,-73.656219,5791.124023,-869.543213,1548.932739,-567.093994,-426.920135,1071.087524,-5559.765625,,,,,,,,,,,,,,,
129,1.075000,960.764709,-73.417130,5791.504883,-855.997131,1546.760864,-534.848450,-427.554413,1070.474243,-5555.755371,,,,,,,,,,,,,,,
130,1.083333,960.745483,-73.424301,5791.393066,-842.403809,1544.640015,-500.984070,-428.557556,1070.590820,-5551.096680,,,,,,,,,,,,,,,
131,1.091667,960.754761,-73.392967,5791.493652,-827.007812,1541.764893,-467.869415,-429.862732,1071.522217,-5545.579102,,,,,,,,,,,,,,,
132,1.100000,960.696533,-73.451942,5791.339355,-812.847229,1538.698486,-434.710236,-431.471222,1073.768066,-5539.907715,,,,,,,,,,,,,,,
133,1.108333,960.569946,-73.644073,5791.144531,-799.033508,1535.767456,-401.625427,-433.864471,1076.705444,-5533.097656,,,,,,,,,,,,,,,
134,1.116667,960.554382,-73.667854,5791.030762,-784.674866,1532.845947,-368.574585,-436.678162,1080.260254,-5524.536621,,,,,,,,,,,,,,,
135,1.125000,960.772766,-73.412766,5791.523926,-770.305115,1528.957031,-335.691559,-439.110718,1084.466553,-5515.307129,,,,,,,,,,,,,,,
136,1.133333,960.802307,-73.383484,5791.520996,-755.900757,1524.967407,-302.289734,-441.756989,1089.436401,-5505.916016,,,,,,,,,,,,,,,
137,1.141667,960.713318,-73.461258,5791.357422,-741.653748,1521.199219,-270.245514,-445.343872,1094.305176,-5495.234375,,,,,,,,,,,,,,,
138,1.150000,960.768372,-73.411995,5791.494629,-727.072266,1517.046631,-236.523392,-448.235992,1099.300537,-5483.567871,,,,,,,,,,,,,,,
139,1.158333,960.790466,-73.389526,5791.503418,-713.014771,1513.140381,-204.968567,-450.592102,1108.209351,-5469.464355,,,,,,,,,,,,,,,
140,1.166667,960.704285,-73.467064,5791.334473,-698.535889,1508.140381,-171.701645,-452.572144,1115.633667,-5454.854492,,,,,,,,,,,,,,,
141,1.175000,960.566528,-73.657516,5791.148438,-683.762146,1503.610962,-139.598190,-457.074310,1129.361450,-5436.443359,,,,,,,,,,,,,,,
142,1.183333,960.776367,-73.415237,5791.484863,-669.403259,1498.754517,-107.339897,-460.139648,1141.954346,-5416.557617,,,,,,,,,,,,,,,
143,1.191667,960.756836,-73.427292,5791.399902,-655.019409,1493.618042,-74.783203,-463.539917,1154.417725,-5395.358887,,,,,,,,,,,,,,,
144,1.200000,960.777161,-73.416557,5791.490723,-641.143005,1488.831299,-43.667561,-467.237091,1169.705811,-5370.027832,,,,,,,,,,,,,,,
145,1.208333,960.710144,-73.444305,5791.352051,-626.505615,1483.094727,-10.320187,-470.936371,1184.159546,-5342.730469,,,,,,,,,,,,,,,
146,1.216667,960.758728,-73.390648,5791.504883,-611.529297,1477.222046,20.815643,-475.052704,1202.720337,-5310.416504,,,,,,,,,,,,,,,
147,1.225000,960.758545,-73.386833,5791.491211,-596.916260,1471.156006,53.722992,-479.884521,1220.271973,-5275.823242,,,,,,,,,,,,,,,
148,1.233333,960.758606,-73.385887,5791.487793,-582.817505,1465.425537,84.287163,-484.678497,1236.035645,-5238.303711,,,,,,,,,,,,,,,
149,1.241667,960.767273,-73.397324,5791.517090,-568.280334,1459.381226,117.342773,-488.425232,1255.792603,-5194.798828,,,,,,,,,,,,,,,
150,1.250000,960.782776,-73.405113,5791.512695,-553.256897,1453.010498,148.101852,-493.758423,1272.846802,-5152.313477,,,,,,,,,,,,,,,
151,1.258333,960.764587,-73.421677,5791.515137,-538.154907,1446.125610,180.875443,-499.757599,1288.090210,-5109.334961,,,,-621.362732,1401.016113,9.544191,,,,,,,,,
152,1.266667,960.773621,-73.414413,5791.491211,-524.340942,1439.749390,210.735596,-505.904388,1301.939941,-5066.792969,,,,-607.630493,1395.203247,30.900150,,,,,,,,,
153,1.275000,960.700134,-73.482201,5791.319824,-509.277527,1432.722168,244.100754,-511.123016,1317.595337,-5023.583008,,,,-593.388489,1388.114014,64.959908,,,,,,,,,
154,1.283333,960.579041,-73.655411,5791.133789,-496.590179,1425.894531,276.455627,-517.047729,1333.805908,-4980.179199,,,,-576.949646,1379.631104,96.072220,,,,,,,,,
155,1.291667,960.548340,-73.683472,5791.023926,-481.628510,1419.433716,310.775452,-523.821960,1347.713013,-4937.297852,,,,-563.690186,1374.397827,127.755699,,,,,,,,,
156,1.300000,960.556763,-73.693283,5791.010742,-466.622192,1413.285278,341.047791,-529.878418,1360.585571,-4895.327637,,,,-550.538879,1370.276123,156.668335,,,,,,,,,
157,1.308333,960.556274,-73.683899,5791.052246,-451.051727,1405.824463,372.049866,-534.305725,1370.467163,-4853.541016,,,,-541.717102,1368.214966,183.095383,,,,,,,,,
158,1.316667,960.544556,-73.665443,5791.088379,-436.479340,1397.644531,403.309540,-540.484924,1383.134277,-4811.518555,,,,-521.510803,1357.194702,219.181641,,,,,,,,,
159,1.325000,960.551208,-73.643700,5791.113281,-421.818176,1389.020264,435.038330,-546.956604,1395.042480,-4769.853516,,,,-504.661621,1346.871948,252.470261,,,,,,,,,
160,1.333333,960.557007,-73.667343,5791.114258,-407.512268,1380.660156,466.055969,-553.807190,1406.592163,-4728.331055,,,,-492.322174,1340.180054,284.657532,,,,,,,,,
161,1.341667,960.046753,-74.147041,5791.325684,-392.314667,1372.797485,496.690735,-560.679871,1417.361572,-4687.358398,,,,-478.558167,1333.767578,316.626862,,,,,,,,,
162,1.350000,960.720764,-73.446350,5791.376953,-376.710114,1364.110229,528.228882,-567.737732,1427.917969,-4646.091797,,,,-472.588562,1330.823730,350.376740,,,,,,,,,
163,1.358333,960.714172,-73.459518,5791.382812,-361.237488,1355.676880,559.196960,-574.358398,1437.529175,-4605.524414,,,,-457.777008,1322.995605,381.273193,,,,,,,,,
164,1.366667,960.755188,-73.419159,5791.504883,-346.399353,1346.891235,590.165222,-581.216309,1447.420654,-4564.742676,,,,-444.099304,1316.081421,409.469696,,,,,,,,,
165,1.375000,960.749329,-73.408882,5791.528809,-331.044556,1337.954712,620.826843,-587.916504,1456.390747,-4524.235352,,,,-428.925873,1307.921265,441.820770,,,,,,,,,
166,1.383333,960.184265,-74.022148,5791.305664,-315.296936,1328.722778,651.515015,-594.481995,1465.004028,-4483.712891,,,,-414.248749,1299.913696,472.274689,,,,,,,,,
167,1.391667,960.028748,-74.176819,5791.286133,-300.679138,1319.229492,682.553101,-601.203430,1473.074707,-4443.371582,,,,-399.066925,1291.517090,502.851776,,,,,,,,,
168,1.400000,960.539673,-73.693214,5791.208008,-284.682373,1310.002930,713.223877,-607.642456,1480.254761,-4403.310059,,,,-383.837555,1283.007202,534.266052,,,,,,,,,
169,1.408333,960.563354,-73.688820,5791.177734,-268.964020,1300.510620,743.340088,-614.279785,1487.273193,-4363.493164,,,,-369.253174,1274.652710,564.988831,,,,,,,,,
170,1.416667,960.562012,-73.671181,5791.132812,-253.479507,1289.960205,775.039612,-620.749023,1493.537842,-4323.627441,,,,-353.889618,1265.708740,595.691162,,,,,,,,,
171,1.425000,960.565979,-73.678268,5791.102539,-238.844086,1280.287598,805.082825,-627.443604,1499.729736,-4283.451660,,,,-338.649353,1256.781006,626.795654,,,,,,,,,
172,1.433333,960.556030,-73.666649,5791.097168,-222.196854,1269.809570,835.666626,-633.541504,1505.353149,-4243.845215,,,,-322.740601,1247.250122,657.576965,,,,,,,,,
173,1.441667,960.198792,-74.006844,5791.199707,-206.406662,1258.902222,866.555664,-639.385193,1510.443481,-4204.556641,,,,-307.891022,1237.900146,687.828125,,,,,,,,,
174,1.450000,960.547302,-73.665855,5791.205078,-191.416595,1248.553711,897.117615,-645.636353,1515.041260,-4164.886719,,,,-292.624115,1228.643066,718.852600,,,,,,,,,
175,1.458333,960.569275,-73.650497,5791.167969,-175.665039,1237.896729,927.632446,-652.091187,1518.698975,-4125.028320,,,,-276.515839,1218.531494,749.156189,,,,,,,,,
176,1.466667,960.749512,-73.408096,5791.520508,-159.822571,1227.274536,957.906616,-658.047363,1522.245483,-4085.922607,,,,-261.328033,1208.751831,779.863098,,,,,,,,,
177,1.475000,960.728271,-73.441528,5791.387695,-143.570984,1216.384277,988.930908,-663.506653,1525.013306,-4046.837402,,,,-245.216873,1198.636963,810.551331,,,,,,,,,
178,1.483333,960.561401,-73.685440,5791.195801,-128.685669,1205.854858,1018.572815,-669.252625,1528.120850,-4007.798096,,,,-229.653275,1188.732788,840.946472,,,,,,,,,
179,1.491667,960.535583,-73.685860,5791.060059,-110.670273,1193.704712,1050.018433,-674.571350,1530.745605,-3969.164062,,,,-213.690948,1178.245972,871.786011,,,,,,,,,
180,1.500000,960.550415,-73.686005,5791.011230,-95.248863,1181.917969,1080.447876,-679.746094,1533.637085,-3930.626221,,,,-198.161591,1168.110596,901.936890,,,,,,,,,
181,1.508333,960.783386,-73.418434,5791.474121,-79.718307,1170.668579,1110.825928,-685.071655,1536.358398,-3892.784912,,,,-181.680252,1157.523926,932.832520,,,,,,,,,
182,1.516667,960.799316,-73.394676,5791.516602,-62.840679,1158.942139,1141.601685,-689.506348,1537.626831,-3854.223145,,,,-165.608429,1146.555664,963.376404,,,,,,,,,
183,1.525000,960.706482,-73.459450,5791.352051,-47.204552,1147.488892,1171.489014,-694.189392,1538.593140,-3816.160400,,,,-150.148560,1135.765747,993.542358,,,,,,,,,
184,1.533333,960.561462,-73.692024,5791.143066,-29.528669,1135.206299,1202.466431,-698.817017,1539.975220,-3778.297852,,,,-133.669968,1124.911011,1024.654785,,,,,,,,,
185,1.541667,960.199646,-74.022278,5791.131836,-13.777655,1123.194214,1232.344238,-703.143860,1540.821167,-3740.659424,,,,-117.764877,1113.726807,1054.952515,,,,,,,,,
186,1.550000,960.763672,-73.408752,5791.531250,2.756583,1110.514404,1263.565308,-706.554443,1540.532959,-3703.119629,,,,-101.103668,1102.331665,1085.408203,,,,,,,,,
187,1.558333,960.774353,-73.383873,5791.532715,18.076256,1098.820923,1293.119995,-709.599487,1540.568848,-3665.785889,,,,-84.894722,1090.900757,1116.098999,,,,,,,,,
188,1.566667,960.776245,-73.400787,5791.502441,36.740330,1085.518799,1324.575073,-711.934509,1538.949829,-3627.660645,,,,-68.537460,1079.104126,1146.440308,,,,,,,,,
189,1.575000,960.682495,-73.470535,5791.327148,53.004196,1072.802856,1354.220581,-714.504028,1537.678467,-3590.550781,,,,-51.752922,1067.314819,1177.053467,,,,,,,,,
190,1.583333,960.784302,-73.408447,5791.494629,69.251534,1059.075073,1385.123169,-717.265137,1537.048340,-3553.990723,,,,-35.091400,1054.960938,1207.300171,,,,,,,,,
191,1.591667,960.765198,-73.399689,5791.519043,85.650932,1046.408691,1415.050537,-719.462341,1535.559570,-3517.045166,,,,-18.287809,1042.687744,1238.057617,,,,,,,,,
192,1.600000,960.682190,-73.483490,5791.319824,103.470604,1032.503296,1446.012207,-720.580811,1532.803833,-3479.788574,,,,-1.783322,1030.219727,1268.531494,,,,,,,,,
193,1.608333,960.747803,-73.387444,5791.493164,118.780296,1019.266113,1475.517334,-721.643188,1530.018066,-3443.048340,,,,15.100795,1017.244324,1298.974731,,,,,,,,,
194,1.616667,960.719788,-73.439323,5791.361816,137.479752,1004.771484,1506.567993,-722.412109,1526.672485,-3405.873535,,,,31.935516,1004.105713,1329.478027,,,,,,,,,
195,1.625000,960.773010,-73.402214,5791.500488,153.642319,990.949768,1536.486084,-723.345276,1524.406860,-3370.914062,,,,48.700939,990.806885,1360.028564,,,,,,,,,
196,1.633333,960.704102,-73.473328,5791.365234,171.836594,976.146667,1567.494019,-723.146545,1520.328613,-3334.127930,,,,65.671791,977.252563,1390.780151,,,,,,,,,
197,1.641667,960.585815,-73.668320,5791.172363,187.422653,961.633301,1597.360229,-723.380432,1515.099731,-3297.768311,,,,82.745117,963.415283,1421.253174,,,,,,,,,
198,1.650000,960.551270,-73.700356,5791.042969,206.395737,946.958435,1628.760864,-722.840515,1509.737671,-3261.768066,,,,99.790024,949.556091,1451.796753,,,,,,,,,
199,1.658333,960.071045,-74.167526,5791.258789,221.602478,932.028259,1658.431519,-722.674927,1503.186401,-3224.278809,,,,116.732529,935.367004,1482.343506,-753.023438,1492.923340,-3215.298584,,,,,,
200,1.666667,960.698181,-73.494797,5791.339844,241.415527,916.363403,1689.854858,-721.968262,1497.029907,-3188.491943,,,,134.245956,920.960571,1513.244263,-749.239136,1499.889526,-3189.144287,,,,,,
201,1.675000,960.723511,-73.435425,5791.371094,257.753174,901.293579,1719.066406,-721.055359,1489.771118,-3152.916016,,,,151.501114,906.253601,1543.747314,-747.092712,1492.376831,-3150.408203,,,,,,
202,1.683333,960.775696,-73.411156,5791.514648,276.809082,885.205627,1750.515503,-719.730896,1482.610718,-3117.997314,,,,168.886154,891.476501,1574.013916,-744.916626,1486.693726,-3116.120850,,,,,,
203,1.691667,960.774536,-73.391785,5791.497559,293.338928,870.896118,1779.892700,-718.391235,1473.579102,-3081.892822,,,,186.346222,876.418274,1605.094238,-743.037781,1480.163818,-3080.630859,,,,,,
204,1.700000,960.762573,-73.398262,5791.501465,311.646912,854.512573,1811.520020,-716.641724,1464.944336,-3047.222900,,,,203.633484,861.076965,1635.396240,-741.008179,1472.753052,-3044.831787,,,,,,
205,1.708333,960.695679,-73.460129,5791.340332,328.783997,838.532532,1840.573120,-714.316040,1456.650024,-3013.622070,,,,220.889557,845.637573,1666.156006,-738.788879,1464.593018,-3008.917969,,,,,,
206,1.716667,960.570862,-73.655159,5791.145020,347.448151,821.844116,1872.381104,-712.837402,1445.559082,-2978.612305,,,,238.670303,829.990723,1696.909058,-735.970520,1456.040894,-2973.422119,,,,,,
207,1.725000,960.767456,-73.403061,5791.501465,364.445251,805.837402,1901.655396,-710.776306,1434.361694,-2944.184326,,,,256.263397,813.910645,1727.472656,-733.353088,1446.658569,-2938.040771,,,,,,
208,1.733333,960.724915,-73.430573,5791.371582,384.470459,787.814392,1933.523682,-708.873047,1422.421143,-2909.291260,,,,274.343506,798.027405,1758.704224,-730.220520,1436.449219,-2902.809570,,,,,,
209,1.741667,960.760010,-73.428589,5791.498047,401.874908,771.922058,1963.362427,-706.494873,1410.474854,-2875.927246,,,,291.862244,781.473999,1788.928833,-729.560730,1427.641846,-2868.291260,,,,,,
210,1.750000,960.699341,-73.471237,5791.356445,419.759857,755.357056,1993.701660,-704.551819,1396.539917,-2840.782959,,,,310.059753,764.988525,1819.770752,-724.227234,1412.621216,-2832.555176,,,,,,
211,1.758333,960.554932,-73.660500,5791.166504,439.461609,737.191589,2024.921875,-702.446228,1382.748047,-2806.754883,,,,328.058014,748.284241,1850.388184,-719.200928,1399.193604,-2797.766113,,,,,,
212,1.766667,960.782166,-73.408882,5791.500488,457.128601,720.360657,2054.034912,-700.106384,1368.490356,-2773.441650,,,,346.129242,731.502075,1881.120850,-729.360779,1393.741943,-2762.742920,,,,,,
213,1.775000,960.742859,-73.438469,5791.417480,475.696289,702.210022,2086.051025,-698.167358,1352.708984,-2739.040771,,,,364.540863,714.646667,1912.065552,-724.720093,1378.513794,-2728.073242,,,,,,
214,1.783333,960.764832,-73.434982,5791.493652,493.197754,685.200134,2115.541748,-695.720337,1337.243530,-2706.158447,,,,382.683441,697.633362,1942.731201,-720.863770,1363.621826,-2693.912354,,,,,,
215,1.791667,960.785828,-73.425552,5791.503418,512.657654,667.354126,2147.281738,-693.891602,1320.027954,-2672.030518,,,,401.368042,680.367798,1973.863525,-717.857300,1347.531494,-2659.563477,,,,,,
216,1.800000,960.725525,-73.466919,5791.329590,531.518799,649.379700,2177.155518,-691.754761,1303.338135,-2639.290527,,,,419.777802,662.920654,2004.576660,-714.338074,1330.307373,-2625.035889,,,,,,
217,1.808333,960.592285,-73.667786,5791.128418,550.379028,631.049377,2208.392578,-689.871765,1284.778564,-2605.075684,,,,438.615692,645.330444,2035.680542,-710.461731,1312.523315,-2590.688721,,,,,,
218,1.816667,960.576111,-73.665733,5791.012207,568.989258,613.304260,2238.899902,-687.692993,1267.480469,-2573.211670,,,,457.114746,627.577820,2066.471191,-707.266663,1294.707886,-2556.945312,,,,,,
219,1.825000,960.787842,-73.403313,5791.495605,589.539856,595.104980,2270.588867,-686.444885,1249.816406,-2541.064209,,,,476.079712,609.736755,2097.677246,-703.557434,1275.073486,-2523.072510,,,,,,
220,1.833333,960.745483,-73.427361,5791.374023,608.466614,577.746582,2300.641357,-684.546875,1231.520752,-2508.467773,,,,495.105774,591.876282,2128.659424,-700.225098,1255.559692,-2489.129639,,,,,,
221,1.841667,960.557495,-73.652153,5791.177246,627.365601,559.509949,2332.047119,-683.405518,1208.849609,-2475.087158,,,,514.202820,574.034424,2159.733887,-697.421082,1235.203247,-2455.217285,,,,,,
222,1.850000,960.544006,-73.650749,5791.042480,646.402588,541.439209,2362.941895,-681.494934,1187.182861,-2442.408203,,,,533.386169,556.175964,2190.758789,-693.623230,1213.655640,-2422.045410,,,,,,
223,1.858333,960.523987,-73.694847,5791.013184,666.885559,522.733093,2394.934570,-679.355530,1167.196289,-2412.844238,,,,552.845215,538.303162,2222.130615,-689.965881,1191.317871,-2388.405029,,,,,,
224,1.866667,960.565735,-73.679214,5791.041504,686.736145,506.241333,2424.305908,-679.014343,1140.812744,-2375.574707,,,,572.244812,520.439026,2253.208496,-696.688538,1164.308350,-2358.223877,,,,,,
225,1.875000,960.537292,-73.685547,5791.068848,706.941650,487.422424,2455.339600,-679.141785,1117.473145,-2342.090820,,,,591.949402,502.591797,2284.740234,-694.726624,1140.220581,-2324.481201,,,,,,
226,1.883333,960.546448,-73.694160,5791.088379,725.472351,469.172363,2486.469482,-678.789734,1094.032349,-2309.600342,,,,611.625061,484.676361,2316.005127,-692.344727,1116.782104,-2291.896729,,,,,,
227,1.891667,960.529724,-73.717270,5791.098145,745.599854,451.081909,2518.315918,-677.811951,1069.553467,-2277.402832,,,,631.461853,466.885620,2347.533691,-689.184875,1091.511475,-2257.800049,,,,,,
228,1.900000,960.049011,-74.153358,5791.319824,766.091125,432.918427,2549.305420,-676.983521,1044.387573,-2245.429932,,,,651.365845,448.955963,2379.161377,-687.715149,1066.463013,-2225.728516,,,,,,
229,1.908333,960.698975,-73.485725,5791.360352,785.994202,415.313232,2579.517578,-676.299561,1018.328430,-2213.446777,,,,669.932434,431.635559,2408.960938,-685.992249,1041.149658,-2193.672607,,,,,,
230,1.916667,960.761536,-73.419937,5791.522949,799.015259,396.455231,2598.575684,-675.582153,992.911621,-2182.208252,,,,682.913818,418.879944,2438.034180,-684.198853,1014.399048,-2160.862549,,,,,,
231,1.925000,960.721375,-73.459633,5791.375977,817.445312,373.447876,2606.148193,-675.284241,964.963196,-2150.161133,,,,696.217834,414.234283,2453.183838,-682.160889,988.357361,-2127.482422,,,,,,
232,1.933333,960.524780,-73.671417,5791.186523,835.518799,364.052795,2606.025146,-675.969116,937.861084,-2118.209473,,,,702.312683,410.764099,2471.020752,-678.150696,957.382568,-2097.441650,,,,,,
233,1.941667,960.740112,-73.408974,5791.510742,848.597412,362.035339,2610.503906,-676.310364,909.099792,-2085.488525,,,,698.580994,395.807556,2488.919678,-669.803833,925.917908,-2064.576172,,,,,,
234,1.950000,960.727173,-73.452347,5791.393066,861.479858,356.070923,2615.485352,-676.972900,880.004028,-2053.454834,,,,695.470947,380.691284,2506.153564,-673.907715,891.039490,-2030.752686,,,,,,
235,1.958333,960.547241,-73.671822,5791.178223,871.719543,349.843445,2621.166260,-678.488342,851.528870,-2022.547241,,,,694.617615,364.875397,2523.596680,-672.694702,860.900574,-1999.593506,,,,,,
236,1.966667,960.766479,-73.409729,5791.520996,881.781616,348.260559,2621.803467,-679.846863,821.600586,-1991.663574,,,,695.618958,351.183350,2536.901123,-671.305603,829.887085,-1969.302002,,,,,,
237,1.975000,960.721191,-73.450706,5791.391602,895.153625,346.542938,2621.407471,-682.398743,791.044556,-1960.298340,,,,700.425476,338.793396,2547.366699,-666.504883,802.054077,-1942.271729,,,,,,
238,1.983333,960.575195,-73.677704,5791.176270,903.409424,343.250000,2620.484619,-684.953064,760.030212,-1929.156860,,,,705.183289,323.989746,2560.147461,-671.913147,767.105957,-1909.457642,,,,,,
239,1.991667,960.754456,-73.417175,5791.509277,911.178467,341.009277,2618.838135,-685.599243,726.378418,-1894.200317,,,,711.586426,309.240234,2571.786377,-672.221008,734.946899,-1878.266113,,,,,,
240,2.000000,960.721130,-73.440445,5791.369629,917.102295,337.993256,2616.213379,-688.418823,692.984131,-1861.966064,,,,715.792847,292.437927,2583.588135,-678.095581,699.931030,-1845.365356,,,,,,
241,2.008333,960.773987,-73.407791,5791.504395,923.734253,335.102997,2612.732422,-693.479187,662.831238,-1834.807007,,,,735.258667,269.973114,2601.564697,-679.179138,665.720032,-1816.796021,,,,,,
242,2.016667,960.720398,-73.451927,5791.369629,928.983398,332.703217,2608.607422,-697.999634,630.518616,-1803.437500,,,,744.430908,254.496216,2612.307617,-678.660950,635.976624,-1790.761719,,,,,,
243,2.025000,960.562378,-73.676544,5791.167969,933.628662,329.289490,2605.734863,-703.321472,598.546753,-1773.924316,,,,754.374207,237.572830,2620.594482,-681.848999,603.404846,-1762.045532,,,,,,
244,2.033333,960.761353,-73.441788,5791.496094,934.791443,327.693268,2601.496094,-708.973328,566.287354,-1743.503662,,,,758.407654,224.882462,2629.501953,-684.822021,569.899536,-1734.460571,,,,,,
245,2.041667,960.741272,-73.485413,5791.374023,936.725952,324.743317,2596.502930,-715.154968,533.823914,-1713.091431,,,,763.406128,221.231567,2633.796143,-692.825195,531.808472,-1702.461548,,,,,,
246,2.050000,960.578613,-73.674026,5791.147949,939.515869,320.518494,2592.919189,-721.891113,501.430817,-1682.493164,,,,764.595215,222.137253,2632.281494,-703.660339,491.907166,-1671.226562,,,,,,
247,2.058333,960.549683,-73.667252,5791.013184,942.762817,315.960571,2590.192627,-728.928284,469.093781,-1651.160522,,,,764.440796,223.148788,2628.623047,-713.141968,456.407867,-1640.339355,,,,,,
248,2.066667,960.756409,-73.420197,5791.510254,946.510132,310.167358,2587.745605,-736.350342,437.052734,-1620.063721,,,,764.087280,224.105270,2623.233398,-716.087708,428.484741,-1610.918457,,,,,,
249,2.075000,960.788635,-73.401711,5791.541016,949.178467,302.796844,2586.618408,-744.349854,405.192017,-1585.980225,,,,764.632629,224.450531,2617.245605,-727.437317,390.360382,-1585.025513,,,,,,
250,2.083333,960.702271,-73.455795,5791.343750,952.257385,295.618256,2585.704590,-751.325439,374.054657,-1555.586426,,,,765.726013,222.878113,2611.075195,-734.927307,352.081512,-1555.524292,,,,,,
251,2.091667,960.565369,-73.650940,5791.128418,955.523743,288.583374,2584.728271,-758.750305,341.111664,-1525.845703,,,,766.792786,219.881027,2605.123535,-745.574829,316.569244,-1526.784302,,,,,,
252,2.100000,960.558838,-73.655739,5791.006836,958.712341,281.337189,2583.126709,-765.502136,307.297241,-1494.175415,,,,768.204163,215.273621,2599.442383,-758.333801,284.177765,-1496.927002,,,,,,
253,2.108333,960.537292,-73.683968,5790.990234,963.039062,273.884583,2580.905518,-773.157776,276.773438,-1462.023315,,,,769.337463,210.023254,2593.194824,-772.001892,252.913803,-1469.709839,,,,,,
254,2.116667,960.768799,-73.413422,5791.488281,963.926453,264.328979,2578.957275,-782.738586,248.647003,-1431.025635,,,,765.488953,209.090134,2587.189697,-782.810181,219.497223,-1437.595093,,,,,,
255,2.125000,960.741516,-73.451248,5791.404297,966.092285,254.539993,2577.239502,-784.957031,212.970200,-1397.079834,,,,763.703674,208.080597,2579.699707,-793.061584,189.575821,-1408.704346,,,,,,
256,2.133333,960.558044,-73.692719,5791.205566,967.956604,244.176178,2577.201904,-793.017212,181.168579,-1364.437866,,,,764.957458,205.901047,2571.408691,-801.173462,157.197403,-1377.936279,,,,,,
257,2.141667,960.757385,-73.423813,5791.491699,971.025696,234.590393,2576.820068,-796.113647,149.299606,-1331.286133,,,,767.170410,204.316483,2564.354736,-807.923523,120.253822,-1340.790405,,,,,,
258,2.150000,960.765564,-73.387917,5791.503906,974.422791,225.191513,2576.344971,-797.188965,120.759613,-1300.453369,,,,770.089539,202.341614,2559.332275,-814.417358,88.396049,-1303.917969,,,,,,
259,2.158333,960.744080,-73.396461,5791.490723,977.386414,215.246796,2575.961182,-804.192200,87.031982,-1266.028564,,,,773.844116,198.706573,2555.738770,-820.226074,60.523224,-1272.776001,,,,,,
260,2.166667,960.758240,-73.407166,5791.482910,980.295166,204.754822,2575.364746,-816.423096,49.659760,-1221.055664,,,,777.218506,193.908188,2553.400879,-835.287292,24.496920,-1229.621826,,,,,,
261,2.175000,960.770325,-73.429024,5791.483398,983.064087,193.289139,2575.246582,-821.843445,14.302881,-1183.940918,,,,779.630676,188.864197,2551.617188,-842.373657,-6.202013,-1195.696533,,,,,,
262,2.183333,960.771606,-73.414047,5791.481445,985.605225,181.437271,2575.013184,-824.535156,-18.109030,-1151.955811,,,,781.856140,183.956528,2549.331787,-848.114136,-36.665607,-1161.896484,,,,,,
263,2.191667,960.763672,-73.413536,5791.480957,988.141296,169.272629,2574.707520,-827.894531,-54.449955,-1115.018433,,,,784.678528,178.614212,2545.895020,-853.609436,-60.442722,-1139.291138,,,,,,
264,2.200000,960.780090,-73.413460,5791.493652,990.886536,156.921295,2574.101562,-829.374756,-87.759544,-1084.134399,,,,788.242188,172.941711,2541.753418,-857.084839,-92.175682,-1102.884277,,,,,,
265,2.208333,960.760864,-73.412704,5791.486816,993.516724,144.241501,2573.309326,-829.503601,-121.619286,-1055.293823,,,,792.616821,167.098434,2537.099121,-858.373169,-123.617722,-1068.400879,,,,,,
266,2.216667,960.786377,-73.396362,5791.481934,996.111633,131.195572,2572.304199,-827.510925,-157.300232,-1027.445801,,,,797.415955,161.114807,2533.113525,-859.273071,-156.212372,-1033.415894,,,,,,
267,2.225000,960.798096,-73.386116,5791.491211,998.731567,117.427551,2571.516113,-829.940186,-193.917175,-994.438354,,,,802.117065,154.438889,2530.099365,-861.887756,-187.443192,-1000.373962,,,,,,
268,2.233333,960.785645,-73.383476,5791.500000,1001.446838,103.772995,2570.553223,-828.056274,-230.468994,-966.203796,,,,806.395264,147.175095,2528.023193,-862.191223,-219.926804,-967.482361,,,,,,
269,2.241667,960.704773,-73.465073,5791.344238,1004.374756,89.560989,2569.906738,-827.779724,-267.491180,-939.166016,,,,810.835632,138.900299,2526.836914,-864.640869,-250.488068,-936.510376,,,,,,
270,2.250000,960.061035,-74.146149,5791.346680,1007.549988,75.010460,2569.729492,-827.668396,-304.546204,-908.925537,,,,815.553040,129.878922,2526.505371,-868.990051,-279.625702,-908.085876,,,,,,
271,2.258333,960.780151,-73.408318,5791.507812,1011.281982,60.532955,2569.058594,-827.077637,-343.421143,-879.688538,,,,820.939636,120.441757,2526.473633,,,,,,,,,
272,2.266667,960.776794,-73.439957,5791.396973,1014.765137,45.411938,2568.643799,-825.570068,-376.600311,-859.923157,,,,826.444519,110.896713,2525.375977,,,,,,,,,
273,2.275000,960.583740,-73.661652,5791.178711,1018.020508,29.944128,2567.934326,-824.065857,-399.591400,-849.829041,,,,832.370300,100.972313,2523.854980,,,,,,,,,
274,2.283333,960.769409,-73.423225,5791.515625,1021.536011,13.961429,2566.989990,-822.259827,-408.985199,-836.763428,,,,838.594299,90.662750,2522.361816,,,,,,,,,
275,2.291667,960.723877,-73.441574,5791.386230,1025.184570,-2.532174,2565.812988,-821.217590,-415.477905,-825.870361,,,,845.252380,79.635506,2521.074463,,,,,,,,,
276,2.300000,960.753052,-73.416107,5791.495117,1021.573914,-26.943851,2567.633789,-821.713867,-421.085144,-812.650024,,,,851.655457,68.050964,2520.485840,,,,,,,,,
277,2.308333,960.689514,-73.470932,5791.348633,1026.401367,-42.971165,2566.361816,-822.159729,-426.122925,-800.772339,,,,858.011047,55.555496,2520.410645,,,,-837.379272,-408.829590,-768.148376,,,
278,2.316667,960.558960,-73.665962,5791.155762,1029.034546,-60.788445,2566.463135,-831.523987,-430.696747,-790.690430,,,,864.470154,42.622993,2521.031250,,,,-833.704529,-410.692169,-755.461365,,,
279,2.325000,960.056763,-74.150536,5791.256348,1036.404663,-71.964897,2570.776611,,,,,,,871.177429,29.065098,2521.968018,,,,-834.239868,-414.764740,-740.071106,,,
280,2.333333,960.692627,-73.478241,5791.344238,1037.853882,-87.356735,2571.391357,,,,,,,878.027710,15.166437,2522.636230,,,,-834.824707,-419.563568,-723.295532,,,
281,2.341667,960.784119,-73.422356,5791.526855,,,,,,,,,,885.664001,1.089276,2523.025635,,,,-834.783813,-422.653198,-708.114014,,,
282,2.350000,960.511597,-73.686279,5791.481934,,,,,,,,,,893.693481,-13.908810,2523.223877,,,,-836.789856,-424.859314,-692.980530,,,
283,2.358333,960.076965,-74.160782,5791.355469,,,,,,,,,,901.980042,-29.075558,2523.259766,,,,-837.105896,-428.475372,-678.598206,,,
284,2.366667,960.775574,-73.398659,5791.509277,,,,,,,,,,907.334290,-44.471329,2521.140137,,,,-840.173645,-428.275421,-665.100830,,,
285,2.375000,960.746338,-73.426544,5791.389648,,,,,,,,,,908.791870,-57.253284,2517.482178,,,,-842.295715,-428.675507,-652.389954,,,
286,2.383333,960.750061,-73.409241,5791.506836,,,,,,,,,,906.158081,-64.671471,2511.845947,,,,-842.865356,-431.653656,-639.407593,,,
287,2.391667,960.687805,-73.465523,5791.339844,,,,,,,,,,897.689941,-80.744370,2507.629639,,,,-844.021790,-432.076935,-628.154541,,,
288,2.400000,960.770935,-73.417229,5791.498535,,,,,,,,,,887.140259,-104.074265,2511.295654,,,,-846.086060,-432.227844,-618.944275,,,
289,2.408333,960.789551,-73.394447,5791.502441,,,,,,,,,,882.058167,-123.043068,2514.376465,,,,-847.916138,-429.732788,-615.074829,,,
290,2.416667,960.782227,-73.403297,5791.497070,,,,,,,,,,883.731812,-136.703735,2514.952393,,,,-847.608765,-429.474915,-609.460571,,,
291,2.425000,960.789673,-73.405106,5791.494629,,,,,,,,,,887.765137,-148.251114,2518.363281,,,,-847.515503,-428.869995,-604.135803,,,
292,2.433333,960.796021,-73.389633,5791.478027,,,,,,,,,,889.116028,-165.673218,2519.135254,,,,-847.951721,-430.121063,-598.404114,,,
293,2.441667,960.707275,-73.477730,5791.330078,,,,,,,,,,889.849670,-178.407639,2518.917236,,,,-850.028015,-428.417877,-593.923645,,,
294,2.450000,960.578125,-73.676041,5791.142090,,,,,,,,,,891.417542,-193.604782,2518.958008,,,,-852.593994,-423.551514,-590.321289,,,
295,2.458333,960.760498,-73.402588,5791.489746,,,,,,,,,,899.224487,-214.539810,2523.008301,,,,-852.260437,-425.262787,-585.408569,,,
296,2.466667,960.769165,-73.389061,5791.512695,,,,,,,,,,904.202454,-234.179535,2533.627930,,,,-851.919312,-426.811218,-581.028809,,,
297,2.475000,960.685852,-73.462692,5791.321777,,,,,,,,,,902.790100,-240.238922,2539.852539,,,,-852.938599,-425.943146,-577.445312,,,
298,2.483333,960.768677,-73.402077,5791.487305,,,,,,,,,,903.472534,-237.784073,2535.334229,,,,-852.766846,-425.424866,-574.891052,,,
299,2.491667,960.703613,-73.460663,5791.361328,,,,,,,,,,898.987915,-231.383499,2530.493896,,,,-852.806946,-425.575348,-572.287048,,,
300,2.500000,960.592041,-73.660637,5791.168945,,,,,,,,,,908.689758,-235.078659,2524.304199,,,,-855.497070,-424.686340,-571.869873,,,
301,2.508333,960.565857,-73.689323,5791.038086,,,,,,,,,,911.000610,-234.448166,2522.221924,,,,-850.475647,-430.362488,-566.575745,,,
302,2.516667,960.792969,-73.414337,5791.492676,,,,,,,,,,911.979065,-236.913788,2521.991455,,,,-845.292053,-435.655609,-562.496887,,,
303,2.525000,960.793823,-73.398293,5791.507324,,,,,,,,,,911.061584,-237.073914,2523.225830,,,,-852.725952,-427.079407,-566.064880,,,
304,2.533333,960.700989,-73.445541,5791.334961,,,,,,,,,,910.863098,-237.041504,2522.595215,,,,-854.701355,-425.639465,-567.138611,,,
305,2.541667,960.770203,-73.394882,5791.489258,,,,,,,,,,910.972229,-236.556305,2521.845459,,,,-855.884399,-424.649536,-567.305603,,,
306,2.550000,960.732178,-73.427231,5791.368164,,,,,,,,,,910.573792,-236.412949,2521.041016,,,,-854.404602,-425.599823,-567.085022,,,
307,2.558333,960.785767,-73.396301,5791.511719,,,,,,,,,,910.605408,-236.655396,2520.447998,,,,-854.354553,-425.459747,-567.246826,,,
308,2.566667,960.770813,-73.392204,5791.503906,,,,,,,,,,910.639526,-236.770264,2520.066895,,,,-855.804077,-424.339172,-567.765808,,,
309,2.575000,960.774231,-73.431297,5791.504395,,,,,,,,,,910.609192,-236.740646,2519.843994,,,,-856.048767,-424.161987,-567.859314,,,
310,2.583333,960.708801,-73.472321,5791.322266,,,,,,,,,,910.683960,-236.851105,2519.720215,,,,-853.343994,-427.847900,-566.659668,,,
311,2.591667,960.572449,-73.665199,5791.132324,,,,,,,,,,910.588562,-236.724564,2519.526611,,,,-851.562073,-429.285461,-565.878113,,,
312,2.600000,960.779419,-73.420479,5791.497070,,,,,,,,,,910.586731,-236.696899,2519.235352,,,,-851.539856,-429.653870,-566.317505,,,
313,2.608333,960.802551,-73.391335,5791.493164,,,,,,,,,,910.462830,-236.599091,2519.139160,,,,-852.493164,-428.897827,-567.101135,,,
314,2.616667,960.712891,-73.461838,5791.343262,,,,,,,,,,910.436035,-236.560165,2519.159424,,,,-852.874634,-428.435760,-567.132202,,,
315,2.625000,960.773926,-73.406837,5791.507324,,,,,,,,,,910.538391,-236.717560,2519.314209,,,,-852.963562,-428.659607,-567.118835,,,
316,2.633333,960.722534,-73.445450,5791.351074,,,,,,,,,,910.613403,-236.805725,2519.539795,,,,-852.752502,-428.736420,-567.107117,,,
317,2.641667,960.772400,-73.412437,5791.500000,,,,,,,,,,910.714172,-236.856247,2519.688965,,,,-852.503662,-428.842346,-566.999695,,,
318,2.650000,960.715637,-73.471443,5791.353516,,,,,,,,,,910.704407,-236.847687,2519.722656,,,,-851.717407,-429.849823,-566.454224,,,
319,2.658333,960.566101,-73.668449,5791.153320,,,,,,,,,,910.616882,-236.787048,2519.746094,,,,-852.484375,-428.987305,-566.991089,,,
320,2.666667,960.551758,-73.695412,5791.027344,,,,,,,,,,910.737427,-236.891739,2519.809570,,,,-852.733765,-428.629700,-566.715149,,,
321,2.675000,960.532288,-73.679970,5791.001953,,,,,,,,,,910.676941,-236.839493,2519.905518,,,,-851.689941,-429.330383,-566.053528,,,
322,2.683333,960.758850,-73.410851,5791.508789,,,,,,,,,,910.678955,-236.807465,2519.907959,,,,-851.454651,-429.378754,-565.848022,,,
323,2.691667,960.743713,-73.440521,5791.396484,,,,,,,,,,910.734558,-236.859787,2519.825195,,,,-852.328430,-428.565308,-566.292297,,,
324,2.700000,960.565918,-73.658966,5791.179199,,,,,,,,,,910.625549,-236.773804,2519.731689,,,,-851.552734,-429.208801,-565.849792,,,
325,2.708333,960.544861,-73.678925,5791.040527,,,,,,,,,,910.603943,-236.781799,2519.671631,,,,-851.916809,-428.859985,-565.937317,,,
326,2.716667,960.748108,-73.435089,5791.514160,,,,,,,,,,910.623718,-236.778061,2519.636719,,,,-852.355896,-428.516205,-566.197876,,,
327,2.725000,960.741638,-73.431122,5791.383789,,,,,,,,,,910.564453,-236.737885,2519.647461,,,,-852.491760,-428.431274,-566.310913,,,
328,2.733333,960.796692,-73.391243,5791.495117,,,,,,,,,,910.601379,-236.764832,2519.650879,,,,-852.547363,-428.446960,-566.359558,,,
329,2.741667,960.710266,-73.471375,5791.348633,,,,,,,,,,910.568176,-236.715958,2519.709961,,,,-851.748596,-429.095428,-565.990417,,,
330,2.750000,960.756226,-73.432503,5791.486328,,,,,,,,,,910.594421,-236.764267,2519.782227,,,,-851.494812,-429.326477,-565.834290,,,
331,2.758333,960.742920,-73.433128,5791.522949,,,,,,,,,,910.605164,-236.784241,2519.868408,,,,-852.190186,-428.872498,-566.266724,,,
332,2.766667,960.695068,-73.465584,5791.330566,,,,,,,,,,910.493286,-236.698105,2520.003906,,,,-852.451050,-428.754700,-566.484619,,,
333,2.775000,960.789368,-73.402466,5791.508789,,,,,,,,,,910.481812,-236.678085,2520.182617,,,,-852.454285,-428.934906,-566.964600,,,
334,2.783333,960.727844,-73.447586,5791.359375,,,,,,,,,,910.445007,-236.644104,2520.367432,,,,-852.625366,-428.928864,-567.090149,,,
335,2.791667,960.570007,-73.662186,5791.147461,,,,,,,,,,910.367004,-236.533081,2520.504395,,,,-852.636230,-428.893311,-567.100769,,,
336,2.800000,960.181946,-74.024834,5791.130859,,,,,,,,,,910.371216,-236.501465,2520.649658,,,,-852.891052,-428.466614,-567.015747,,,
337,2.808333,960.066345,-74.167923,5791.253418,,,,,,,,,,910.302856,-236.474258,2520.798828,,,,-853.872803,-427.295013,-567.550354,,,
338,2.816667,960.059509,-74.163200,5791.314453,,,,,,,,,,910.280396,-236.406570,2520.952148,,,,-854.196899,-427.113739,-567.851624,,,
339,2.825000,960.766113,-73.423233,5791.514160,,,,,,,,,,910.197876,-236.339127,2521.123047,,,,-852.601868,-428.832581,-567.041565,,,
340,2.833333,960.730408,-73.429451,5791.399902,,,,,,,,,,910.051575,-236.237976,2521.310791,,,,-852.337219,-428.853790,-566.417908,,,
341,2.841667,960.565002,-73.687752,5791.192383,,,,,,,,,,909.982666,-236.198166,2521.515137,,,,-852.298340,-428.819000,-566.326477,,,
342,2.850000,960.063538,-74.166161,5791.262695,,,,,,,,,,904.425842,-231.680923,2520.778320,,,,-851.598938,-429.284302,-565.970520,,,
343,2.858333,960.168945,-74.028778,5791.251953,,,,,,,,,,899.479553,-227.668411,2520.201416,,,,-852.099976,-428.887207,-566.140564,,,
344,2.866667,960.531311,-73.691544,5791.158691,,,,,,,,,,899.026917,-227.283813,2520.396973,,,,-851.752563,-429.080170,-566.067749,,,
345,2.875000,960.560181,-73.673698,5791.129395,,,,,,,,,,899.288879,-227.522873,2520.689697,,,,-851.681946,-429.130798,-565.978943,,,
346,2.883333,960.551880,-73.669815,5791.098145,,,,,,,,,,899.409912,-227.708817,2520.994141,,,,-851.497803,-429.291443,-565.846741,,,
347,2.891667,960.548767,-73.670853,5791.091309,,,,,,,,,,899.402161,-227.777176,2521.334229,,,,-851.444458,-429.323273,-565.807373,,,
348,2.900000,960.529175,-73.687668,5791.096191,,,,,,,,,,899.568542,-227.893417,2521.393799,,,,-851.471924,-429.333527,-565.850037,,,
349,2.908333,960.743896,-73.419983,5791.501465,,,,,,,,,,899.398804,-227.847321,2521.476318,,,,-851.513428,-429.336700,-565.895996,,,
350,2.916667,960.745117,-73.436516,5791.386719,,,,,,,,,,899.318665,-227.788818,2521.581055,,,,-852.229675,-428.852661,-566.295105,,,
351,2.925000,960.554749,-73.657768,5791.183594,,,,,,,,,,899.390320,-227.827042,2521.642822,,,,-852.493408,-428.748627,-566.492798,,,
352,2.933333,960.794800,-73.399185,5791.493652,,,,,,,,,,899.417053,-227.834259,2521.634766,,,,-852.495178,-428.780731,-566.526917,,,
353,2.941667,960.774963,-73.418045,5791.519043,,,,,,,,,,909.842163,-236.268372,2523.442139,,,,-852.513306,-428.774719,-566.550842,,,
354,2.950000,960.757202,-73.423195,5791.507812,,,,,,,,,,909.865479,-236.315903,2523.407227,,,,-852.489868,-428.892517,-567.000671,,,
355,2.958333,960.770203,-73.400398,5791.511230,,,,,,,,,,904.364380,-231.861755,2522.469727,,,,-852.553650,-428.912659,-567.059998,,,
356,2.966667,960.791931,-73.386238,5791.503906,,,,,,,,,,899.354065,-227.841721,2521.649658,,,,-852.504822,-428.899323,-567.005127,,,
357,2.975000,960.716003,-73.478302,5791.319336,,,,,,,,,,898.748840,-227.332443,2521.597900,,,,-852.456726,-428.909119,-566.966003,,,
358,2.983333,960.579102,-73.665154,5791.124512,,,,,,,,,,909.862915,-236.305923,2523.468994,,,,-852.433899,-428.922516,-566.933044,,,
359,2.991667,960.777954,-73.431595,5791.500488,,,,,,,,,,909.894836,-236.318573,2523.469727,,,,-852.516907,-428.766113,-566.548706,,,
360,3.000000,960.779541,-73.434074,5791.527344,,,,,,,,,,904.288330,-231.831726,2522.501953,,,,-852.419373,-428.751099,-566.454041,,,
361,3.008333,960.780212,-73.413208,5791.518066,,,,,,,,,,899.363831,-227.861511,2521.636719,,,,-852.392212,-428.739105,-566.390015,,,
362,3.016667,960.787415,-73.398529,5791.517090,,,,,,,,,,898.748657,-227.329178,2521.562744,,,,-852.365417,-428.741028,-566.340759,,,
363,3.025000,960.711304,-73.464264,5791.337402,,,,,,,,,,899.094116,-227.579727,2521.579102,,,,-851.589233,-429.233551,-565.978577,,,
364,3.033333,960.564514,-73.659187,5791.146973,,,,,,,,,,899.352783,-227.788345,2521.635498,,,,-851.441284,-429.312531,-565.841187,,,
365,3.041667,960.194275,-74.019012,5791.135254,,,,,,,,,,899.455139,-227.871078,2521.633789,,,,-851.470886,-429.292542,-565.863586,,,
366,3.050000,960.184753,-74.010681,5791.160156,,,,,,,,,,899.394958,-227.853683,2521.625000,,,,-851.505127,-429.295624,-565.907104,,,
367,3.058333,960.180542,-74.015732,5791.160156,,,,,,,,,,909.887329,-236.418930,2523.392334,,,,-851.577454,-429.307617,-565.950317,,,
368,3.066667,960.778259,-73.405106,5791.491699,,,,,,,,,,909.954102,-236.469147,2523.387207,,,,-852.278259,-428.803528,-566.304565,,,
369,3.075000,960.807129,-73.388550,5791.541016,,,,,,,,,,904.420959,-231.980560,2522.486328,,,,-852.453003,-428.709351,-566.432922,,,
370,3.083333,960.764282,-73.419518,5791.515137,,,,,,,,,,899.374023,-227.894699,2521.628906,,,,-852.424255,-428.752533,-566.446716,,,
371,3.091667,960.695984,-73.489632,5791.324707,,,,,,,,,,909.946960,-236.371155,2523.403076,,,,-852.406250,-428.785461,-566.451904,1396.900635,593.829956,-6797.947266
372,3.100000,960.560486,-73.658844,5791.120605,,,,,,,,,,909.885315,-236.312210,2523.424805,,,,-852.422974,-428.900085,-566.893982,1394.031372,593.943176,-6792.101074
373,3.108333,960.548035,-73.675926,5791.015137,,,,,,,,,,904.314514,-231.819519,2522.480957,,,,-852.599548,-428.830933,-566.694641,1390.403931,593.961487,-6786.268555
374,3.116667,960.763306,-73.448601,5791.525879,,,,,,,,,,909.816711,-236.300674,2523.429199,,,,-852.511414,-428.875153,-566.945740,1386.900757,593.862061,-6780.401367
375,3.125000,960.733459,-73.440735,5791.387207,,,,,,,,,,909.925659,-236.373367,2523.412354,,,,-853.242249,-428.452026,-566.897522,1383.724121,593.626465,-6774.657227
376,3.133333,960.555908,-73.692856,5791.190918,,,,,,,,,,904.370667,-231.875427,2522.500488,,,,-853.728271,-428.334106,-567.016418,1379.876587,593.601135,-6769.079102
377,3.141667,960.063354,-74.151093,5791.263184,,,,,,,,,,899.440491,-227.838364,2521.637207,,,,-852.881104,-428.702606,-566.751831,1375.990845,593.538147,-6763.865234
378,3.150000,960.781799,-73.385925,5791.509766,,,,,,,,,,909.913879,-236.315140,2523.401611,,,,-852.397156,-428.780334,-566.453308,1372.567139,593.301697,-6758.307617
379,3.158333,960.777527,-73.405380,5791.419434,,,,,,,,,,909.948669,-236.354477,2523.406494,,,,-852.280884,-428.819336,-566.362061,1368.963379,593.089844,-6752.383789
380,3.166667,960.779480,-73.412231,5791.505859,,,,,,,,,,909.890930,-236.318222,2523.415771,,,,-852.343811,-428.784729,-566.396545,1365.618530,592.505920,-6746.354492
381,3.175000,960.703003,-73.453888,5791.345703,,,,,,,,,,904.351379,-231.820312,2522.487305,,,,-853.028748,-428.355774,-566.650208,1361.949585,592.206726,-6740.573730
382,3.183333,960.760742,-73.436676,5791.506348,,,,,,,,,,899.368347,-227.813553,2521.656738,,,,-852.597534,-428.649872,-566.503845,1358.713501,591.574646,-6734.675293
383,3.191667,960.724182,-73.456810,5791.335449,,,,,,,,,,898.792419,-227.349060,2521.570801,,,,-852.964355,-428.372711,-566.613464,1355.485840,590.613220,-6728.800781
384,3.200000,960.575684,-73.675072,5791.147949,,,,,,,,,,899.109375,-227.622665,2521.628418,,,,-853.259094,-428.294769,-566.757019,1352.095093,589.500122,-6723.206055
385,3.208333,960.551086,-73.675407,5791.043457,,,,,,,,,,899.373535,-227.899872,2521.688721,,,,-852.707886,-428.508270,-566.617554,1349.361572,587.949524,-6718.565430
386,3.216667,960.769958,-73.413689,5791.507324,,,,,,,,,,899.438354,-227.976395,2521.718994,,,,-852.408569,-428.707458,-566.392883,1342.865112,587.773193,-6712.763672
387,3.225000,960.557983,-73.618011,5791.531738,,,,,,,,,,899.449280,-227.976669,2521.707031,,,,-852.911865,-428.452606,-566.628418,1339.365723,586.253540,-6707.445312
388,3.233333,960.695801,-73.472206,5791.322754,,,,,,,,,,899.391846,-227.880859,2521.699219,,,,-852.586304,-428.666809,-566.550720,1336.032349,584.453857,-6702.125977
389,3.241667,960.762390,-73.398254,5791.505859,,,,,,,,,,899.358704,-227.812988,2521.676758,,,,-852.995483,-428.393799,-566.709290,1332.769165,582.815247,-6696.771484
390,3.250000,960.721924,-73.451523,5791.366699,,,,,,,,,,899.339233,-227.863876,2521.645264,,,,-853.356812,-428.275848,-566.901794,1329.478760,581.289368,-6691.518066
391,3.258333,960.764709,-73.414330,5791.514160,,,,,,,,,,899.338562,-227.915543,2521.681885,,,,-852.600403,-428.818176,-566.979553,1326.415649,579.604248,-6686.214844
392,3.266667,960.493958,-73.670570,5791.481934,,,,,,,,,,899.367737,-227.996445,2521.679199,,,,-852.442871,-428.891571,-566.932068,1323.383423,577.908264,-6680.971680
393,3.275000,960.547546,-73.662399,5791.211914,,,,,,,,,,899.377930,-227.953918,2521.666504,,,,-853.100525,-428.466705,-566.802856,1320.591431,575.968994,-6675.761719
394,3.283333,960.562378,-73.676666,5791.022949,,,,,,,,,,899.385376,-227.862274,2521.645264,,,,-852.661255,-428.689575,-566.607056,1317.587891,574.189880,-6670.389160
395,3.291667,960.552551,-73.659218,5790.962891,,,,,,,,,,899.306458,-227.796890,2521.642090,,,,-853.030518,-428.409760,-566.746704,1314.643799,572.216858,-6665.169922
396,3.300000,960.767395,-73.418556,5791.483887,,,,,,,,,,899.345276,-227.814560,2521.654053,,,,-853.352783,-428.295776,-566.856445,1311.481079,570.256348,-6659.927734
397,3.308333,960.579163,-73.605240,5791.507324,,,,,,,,,,899.383118,-227.887726,2521.659424,,,,-852.593811,-428.789124,-566.975586,1308.862549,567.593811,-6654.557617
398,3.316667,960.772461,-73.425613,5791.502930,,,,,,,,,,899.425537,-227.915848,2521.662842,,,,-852.529236,-428.778351,-566.605530,1306.315063,565.252014,-6649.443359
399,3.325000,960.715820,-73.484779,5791.326172,,,,,,,,,,899.395691,-227.858200,2521.644775,,,,-852.423462,-428.766235,-566.435303,1303.752075,562.956177,-6644.302246
400,3.333333,960.756165,-73.429398,5791.497559,,,,,,,,,,899.368164,-227.815948,2521.629150,,,,-852.400391,-428.759155,-566.410461,1300.925903,560.766357,-6639.070312
401,3.341667,960.769836,-73.417976,5791.509766,,,,,,,,,,909.914001,-236.334808,2523.404297,,,,-852.428284,-428.730072,-566.400513,1298.429077,558.561829,-6633.836914
402,3.350000,960.767334,-73.428825,5791.500488,,,,,,,,,,909.988892,-236.385452,2523.393555,,,,-852.391785,-428.740112,-566.407410,1295.931030,556.410095,-6628.505859
403,3.358333,960.756775,-73.412582,5791.502930,,,,,,,,,,909.929810,-236.366150,2523.400391,,,,-852.353943,-428.756958,-566.356628,1293.552612,554.550049,-6623.207031
404,3.366667,960.692627,-73.466110,5791.338867,,,,,,,,,,909.964233,-236.413864,2523.387939,,,,-852.327698,-428.750641,-566.354370,1290.584351,552.665466,-6617.869629
405,3.375000,960.572754,-73.649925,5791.148926,,,,,,,,,,904.441162,-231.931641,2522.446289,,,,-852.355042,-428.743103,-566.378723,1287.800415,551.318237,-6612.829590
406,3.383333,960.570007,-73.658371,5791.039551,,,,,,,,,,899.354492,-227.833420,2521.643311,,,,-852.422729,-428.748016,-566.415833,1285.599121,549.221497,-6607.737305
407,3.391667,960.774963,-73.397942,5791.472168,,,,,,,,,,898.802002,-227.366165,2521.551758,,,,-852.448059,-428.735626,-566.446472,1283.408447,547.437744,-6602.716309
408,3.400000,960.800415,-73.399124,5791.499512,,,,,,,,,,899.077515,-227.610352,2521.613037,,,,-852.482300,-428.741150,-566.475281,1291.302124,540.779785,-6597.670898
409,3.408333,960.775024,-73.405594,5791.484863,,,,,,,,,,899.308655,-227.816177,2521.656006,,,,-852.453247,-428.750977,-566.471436,1291.154907,538.008484,-6592.434570
410,3.416667,960.799866,-73.398430,5791.488770,,,,,,,,,,899.391663,-227.888916,2521.672852,,,,-852.437012,-428.766937,-566.484253,1287.212524,536.925598,-6587.301270
411,3.425000,960.792297,-73.370361,5791.495117,,,,,,,,,,899.371460,-227.934357,2521.667480,,,,-852.448547,-428.786957,-566.476624,1283.803589,535.690674,-6582.084961
412,3.433333,960.714355,-73.450127,5791.331543,,,,,,,,,,899.370239,-227.885498,2521.640137,,,,-852.444092,-428.894440,-566.913818,1281.725220,533.924438,-6576.925293
413,3.441667,960.779114,-73.394211,5791.493652,,,,,,,,,,899.346008,-227.843063,2521.620361,,,,-852.501526,-428.928589,-566.993652,1279.254028,532.104492,-6571.807617
414,3.450000,960.781860,-73.401421,5791.512695,,,,,,,,,,899.304932,-227.779160,2521.624268,,,,-852.529175,-428.892944,-566.952942,1276.878540,530.462708,-6566.800781
415,3.458333,960.759338,-73.426865,5791.505371,,,,,,,,,,909.946350,-236.366852,2523.389648,,,,-852.491577,-428.872223,-566.904541,1274.145142,528.638794,-6561.964844
416,3.466667,960.780212,-73.411743,5791.510742,,,,,,,,,,909.871155,-236.361267,2523.393066,,,,-852.468140,-428.851105,-566.896301,1271.794556,526.752991,-6557.289062
417,3.475000,960.795288,-73.401093,5791.514160,,,,,,,,,,909.851318,-236.342316,2523.408447,,,,-852.568115,-428.770111,-566.490051,1268.984619,524.909851,-6552.612305
418,3.483333,960.780823,-73.400032,5791.499512,,,,,,,,,,904.368958,-231.874207,2522.507812,,,,-852.478638,-428.786011,-566.390137,1266.346191,523.234863,-6548.233398
419,3.491667,960.772949,-73.417801,5791.509277,,,,,,,,,,909.908875,-236.329132,2523.414551,,,,-852.480103,-428.795502,-566.396484,1263.613281,521.246521,-6543.897949
420,3.500000,960.771667,-73.419403,5791.506348,,,,,,,,,,909.863770,-236.278885,2523.406494,,,,-852.490356,-428.754517,-566.412598,1260.748779,519.634277,-6539.713379
421,3.508333,960.699402,-73.484451,5791.329102,,,,,,,,,,904.254150,-231.785645,2522.486328,,,,-852.494873,-428.748291,-566.371216,1257.215088,518.414612,-6535.591797
422,3.516667,960.569153,-73.674889,5791.146484,,,,,,,,,,899.324097,-227.821381,2521.644043,,,,-852.469299,-428.760254,-566.372009,1253.893066,517.281128,-6531.398438
423,3.525000,960.785828,-73.390854,5791.487305,,,,,,,,,,898.754211,-227.358002,2521.556152,,,,-852.495239,-428.747284,-566.406372,1250.862061,515.787903,-6527.459473
424,3.533333,960.769470,-73.410309,5791.496094,,,,,,,,,,909.993103,-236.446960,2523.387451,,,,-852.495117,-428.781891,-566.383057,1247.422852,514.228333,-6523.416016
425,3.541667,960.754089,-73.423935,5791.500977,,,,,,,,,,910.023621,-236.441803,2523.389160,,,,-853.136536,-428.420288,-566.683533,1243.940796,512.679993,-6519.114258
426,3.550000,960.756592,-73.435585,5791.513184,,,,,,,,,,904.379639,-231.935455,2522.471436,,,,-852.734070,-428.699554,-566.553955,1240.005371,511.273560,-6514.977051
427,3.558333,960.769531,-73.403503,5791.507324,,,,,,,,,,909.958069,-236.460846,2523.385742,,,,-852.454834,-428.904144,-566.820435,1236.873291,509.517853,-6510.965820
428,3.566667,960.775391,-73.413239,5791.510742,,,,,,,,,,910.043945,-236.541214,2523.378662,,,,-853.085205,-428.609924,-567.127197,1233.535767,508.206116,-6506.958496
429,3.575000,960.778748,-73.415962,5791.511719,,,,,,,,,,910.007812,-236.496918,2523.382080,,,,-852.689941,-428.836426,-566.981873,1230.349121,507.244995,-6503.170410
430,3.583333,960.692261,-73.483887,5791.328125,,,,,,,,,,904.362000,-231.922195,2522.468994,,,,-852.537659,-428.894806,-566.905823,1226.991455,506.371185,-6499.507812
431,3.591667,960.740906,-73.434464,5791.503418,,,,,,,,,,899.339111,-227.870911,2521.640381,,,,-852.538879,-428.881409,-566.936890,1223.778320,505.882812,-6495.874512
432,3.600000,960.768921,-73.414017,5791.528320,,,,,,,,,,898.731934,-227.407516,2521.538818,,,,-852.553284,-428.874329,-566.939636,1220.607910,505.821411,-6492.320801
433,3.608333,960.754883,-73.419647,5791.521484,,,,,,,,,,909.944458,-236.444382,2523.400635,,,,-852.540466,-428.885803,-566.928467,1217.552734,506.104767,-6488.875000
434,3.616667,960.763367,-73.416519,5791.504883,,,,,,,,,,909.915588,-236.393158,2523.408936,,,,-852.609009,-428.769989,-566.543091,1214.285034,506.854584,-6485.569824
435,3.625000,960.774414,-73.402397,5791.509277,,,,,,,,,,904.319824,-231.903915,2522.470947,,,,-853.148193,-428.496490,-567.109253,1211.088989,507.952271,-6482.448730
436,3.633333,960.677124,-73.469086,5791.363281,,,,,,,,,,899.338318,-227.867126,2521.637939,,,,-852.813477,-428.759979,-566.688477,1207.949341,509.385345,-6479.419434
437,3.641667,960.766052,-73.423035,5791.499512,,,,,,,,,,898.734314,-227.342224,2521.540039,,,,-852.507996,-428.857544,-566.847656,1205.142700,511.042175,-6476.557129
438,3.650000,960.761597,-73.420319,5791.512207,,,,,,,,,,899.045654,-227.573044,2521.613770,,,,-852.482422,-428.853271,-566.821899,1202.298828,512.920715,-6473.725098
439,3.658333,960.782959,-73.406448,5791.519043,,,,,,,,,,899.343872,-227.796707,2521.673584,,,,-852.588318,-428.803009,-566.896851,1199.960327,514.949646,-6471.145508
440,3.666667,960.707092,-73.469208,5791.333984,,,,,,,,,,909.820374,-236.300323,2523.409912,,,,-852.514404,-428.875275,-566.840027,1197.193115,517.107666,-6468.587891
441,3.675000,960.775635,-73.399872,5791.503418,,,,,,,,,,909.859985,-236.334778,2523.428223,,,,-852.554321,-428.775208,-566.471558,1194.692993,519.464050,-6466.302246
442,3.683333,960.204529,-74.018646,5791.331055,,,,,,,,,,904.284363,-231.856140,2522.504150,,,,-852.479248,-428.871490,-566.795105,1192.536743,521.800049,-6464.197754
443,3.691667,960.567383,-73.674675,5791.217773,,,,,,,,,,899.363647,-227.850876,2521.676758,,,,-852.503174,-428.894135,-566.884644,1190.613159,523.783386,-6462.521484
444,3.700000,960.557800,-73.677650,5791.141602,,,,,,,,,,898.794250,-227.355591,2521.552002,,,,-852.505127,-428.867310,-566.910889,1188.475464,526.237671,-6460.793457
445,3.708333,960.567261,-73.664772,5791.078125,,,,,,,,,,909.906372,-236.313965,2523.412354,,,,-852.520935,-428.849854,-566.882324,1186.492798,528.540894,-6459.280762
446,3.716667,960.770081,-73.424728,5791.504883,,,,,,,,,,909.931763,-236.337265,2523.406494,,,,-852.485229,-428.870087,-566.895813,1184.863770,530.391968,-6458.042480
447,3.725000,960.740417,-73.431442,5791.404785,,,,,,,,,,904.310303,-231.839523,2522.463623,,,,-852.525940,-428.877930,-566.944824,1183.047485,532.236328,-6456.832520
448,3.733333,960.544617,-73.694885,5791.195312,,,,,,,,,,909.915649,-236.409271,2523.426758,,,,-852.579773,-428.870514,-566.940247,1181.536743,534.250183,-6455.601074
449,3.741667,960.067444,-74.157303,5791.259277,,,,,,,,,,909.891541,-236.366074,2523.410156,,,,-852.557861,-428.896027,-566.956360,1180.013672,535.567017,-6454.538086
450,3.750000,960.696838,-73.478539,5791.332520,,,,,,,,,,909.881042,-236.315659,2523.406494,,,,-852.545532,-428.868958,-566.953369,1178.138062,536.795959,-6453.137207
451,3.758333,960.782349,-73.393669,5791.510254,,,,,,,,,,909.884827,-236.305618,2523.410400,,,,-853.112244,-428.522705,-567.132202,1176.898071,537.597412,-6452.049316
452,3.766667,960.705627,-73.470299,5791.376465,,,,,,,,,,904.213562,-231.766052,2522.502930,,,,-852.649109,-428.835938,-566.985291,1175.263306,538.420349,-6450.714355
453,3.775000,960.565796,-73.655357,5791.167480,,,,,,,,,,909.802246,-236.304535,2523.429932,,,,-852.516724,-428.861237,-566.901489,1165.919556,542.075195,-6449.828613
454,3.783333,960.553711,-73.681801,5791.036133,,,,,,,,,,909.885681,-236.357986,2523.416504,,,,-852.509155,-428.897095,-566.884460,1165.213745,541.515808,-6448.487793
455,3.791667,960.759705,-73.418816,5791.517090,,,,,,,,,,909.839600,-236.273392,2523.422852,,,,-852.545288,-428.904327,-566.905334,1164.146240,540.803162,-6446.686035
456,3.800000,960.790588,-73.391441,5791.520020,,,,,,,,,,904.255005,-231.730591,2522.461426,,,,-852.496216,-428.860352,-566.865356,1162.751831,539.895935,-6444.922852
457,3.808333,960.773987,-73.399498,5791.507324,,,,,,,,,,899.280090,-227.757095,2521.629639,,,,-852.498657,-428.862854,-566.845520,1161.179199,538.858459,-6443.191406
458,3.816667,960.674072,-73.463951,5791.339355,,,,,,,,,,898.763184,-227.376511,2521.530273,,,,-852.481506,-428.838928,-566.866821,1159.536133,537.885437,-6441.322754
459,3.825000,960.763367,-73.418709,5791.502441,,,,,,,,,,909.926819,-236.390778,2523.403320,,,,-852.547974,-428.775085,-566.473206,1157.653442,536.796082,-6439.189941
460,3.833333,960.772461,-73.402893,5791.517090,,,,,,,,,,909.985291,-236.416763,2523.399414,,,,-852.496399,-428.878937,-566.854004,1155.894043,535.718872,-6437.032715
461,3.841667,960.721191,-73.449615,5791.347656,,,,,,,,,,909.973145,-236.366653,2523.399658,,,,-852.556458,-428.879913,-566.919678,1154.124023,534.829468,-6434.967285
462,3.850000,960.780396,-73.417183,5791.512695,,,,,,,,,,904.292542,-231.824127,2522.480713,,,,-852.525757,-428.867188,-566.925903,1151.823242,534.281921,-6432.824219
463,3.858333,960.774231,-73.410484,5791.511230,,,,,,,,,,899.364258,-227.881073,2521.645508,,,,-853.113525,-428.500854,-567.130798,1149.948120,533.668396,-6430.895508
464,3.866667,960.705994,-73.476875,5791.331055,,,,,,,,,,898.775635,-227.411041,2521.557129,,,,-852.617798,-428.827026,-566.968872,1150.410278,532.156494,-6428.973145
465,3.875000,960.567444,-73.675682,5791.142090,,,,,,,,,,899.100769,-227.642197,2521.589844,,,,-852.466736,-428.882874,-566.863220,1150.233765,531.152344,-6426.913086
466,3.883333,960.555359,-73.675957,5791.027344,,,,,,,,,,899.333008,-227.843674,2521.599365,,,,-852.507507,-428.902740,-566.891235,1153.115723,528.612244,-6424.666016
467,3.891667,960.763550,-73.413551,5791.508301,,,,,,,,,,899.384399,-227.855438,2521.651611,,,,-852.561890,-428.888367,-566.959961,1152.775757,527.904846,-6422.765137
468,3.900000,960.766235,-73.406654,5791.525391,,,,,,,,,,899.442749,-227.891037,2521.647949,,,,-852.608093,-428.866730,-566.948364,1151.286499,527.664856,-6421.068359
469,3.908333,960.760925,-73.404694,5791.493652,,,,,,,,,,899.380493,-227.889221,2521.643555,,,,-853.154358,-428.525146,-567.192078,1150.089722,527.233398,-6419.430664
470,3.916667,960.769958,-73.402107,5791.486328,,,,,,,,,,899.368286,-227.872208,2521.639893,,,,-852.638672,-428.846313,-566.985718,1149.274536,526.953247,-6417.798828
471,3.925000,960.766479,-73.420448,5791.502930,,,,,,,,,,899.345032,-227.833023,2521.658936,,,,-852.473938,-428.872375,-566.887085,1148.638794,526.493774,-6416.235840
472,3.933333,960.727234,-73.454849,5791.345703,,,,,,,,,,909.903870,-236.330612,2523.419189,,,,-852.494690,-428.885223,-566.907104,1147.900879,526.208069,-6414.682617
473,3.941667,960.777649,-73.437370,5791.504883,,,,,,,,,,909.910156,-236.312042,2523.385742,,,,-852.562378,-428.885193,-566.946228,1147.342773,525.831116,-6413.045410
474,3.950000,960.723816,-73.454208,5791.371582,,,,,,,,,,909.884277,-236.299805,2523.423828,,,,-852.544678,-428.904144,-566.917542,1146.887451,525.363892,-6411.368652
475,3.958333,960.573669,-73.667152,5791.175293,,,,,,,,,,904.339722,-231.808884,2522.476807,,,,-852.543823,-428.869507,-566.893188,1146.472168,525.066345,-6409.500488
476,3.966667,960.541870,-73.673904,5791.050293,,,,,,,,,,899.318054,-227.815186,2521.661865,,,,-852.541443,-428.862885,-566.875977,1145.994019,524.703857,-6407.520020
477,3.975000,960.770813,-73.407829,5791.499023,,,,,,,,,,898.772461,-227.360825,2521.586426,,,,-851.894165,-429.222168,-566.628784,1145.812866,524.535400,-6405.519043
478,3.983333,960.782776,-73.380203,5791.517090,,,,,,,,,,899.130859,-227.639236,2521.633789,,,,-852.421875,-428.873840,-566.786194,1145.012573,524.402954,-6403.451172
479,3.991667,960.705078,-73.457336,5791.367676,,,,,,,,,,899.399841,-227.827393,2521.708008,,,,-853.201111,-428.489197,-567.156433,1143.617065,524.913696,-6401.309570
480,4.000000,960.557556,-73.663841,5791.158203,,,,,,,,,,909.875549,-236.311890,2523.437500,,,,-852.701050,-428.842896,-567.004456,1143.358032,524.653137,-6399.004395
481,4.008333,960.538269,-73.654327,5791.029297,,,,,,,,,,909.841858,-236.291718,2523.417969,,,,-852.524231,-428.850189,-566.911499,1143.270508,524.179565,-6396.687012
482,4.016667,960.743774,-73.418350,5791.507812,,,,,,,,,,909.823486,-236.275986,2523.420654,,,,-852.485229,-428.893585,-566.888184,1143.038452,523.918152,-6394.479980
483,4.025000,960.762451,-73.421875,5791.397949,,,,,,,,,,909.883057,-236.315460,2523.412109,,,,-852.528564,-428.873138,-566.913330,1142.869995,523.351807,-6392.317871
484,4.033333,960.575134,-73.672699,5791.208496,,,,,,,,,,904.350708,-231.848190,2522.474121,,,,-852.529968,-428.876801,-566.930054,1142.814697,522.708618,-6389.977539
485,4.041667,960.566040,-73.671593,5791.066406,,,,,,,,,,909.918152,-236.301514,2523.410645,,,,-852.575806,-428.903900,-566.943726,1142.622437,522.006775,-6387.956055
486,4.050000,960.753906,-73.427666,5791.499023,,,,,,,,,,909.958557,-236.321457,2523.406982,,,,-852.559204,-428.903107,-566.959351,1142.450928,521.298523,-6385.748047
487,4.058333,960.723755,-73.435623,5791.396973,,,,,,,,,,904.321045,-231.795853,2522.451172,,,,-852.511230,-428.910797,-566.941467,1142.086182,520.322083,-6383.841797
488,4.066667,960.753296,-73.412384,5791.500977,,,,,,,,,,899.329285,-227.789032,2521.636475,,,,-852.531616,-428.886597,-566.921448,1141.961548,519.267334,-6381.969727
489,4.075000,960.751038,-73.414673,5791.514160,,,,,,,,,,898.771851,-227.386871,2521.563477,,,,-852.545898,-428.875214,-566.913025,1141.831543,518.146545,-6380.202148
490,4.083333,960.712219,-73.469559,5791.353027,,,,,,,,,,899.139343,-227.644958,2521.603760,,,,-852.546997,-428.867340,-566.932800,1141.674438,517.010620,-6378.575684
491,4.091667,960.774536,-73.409271,5791.505371,,,,,,,,,,899.382507,-227.837967,2521.652100,,,,-853.118835,-428.535095,-567.176392,1141.510376,516.097900,-6377.006836
